[     557ms] [INFO] %cDownload the React DevTools for a better development experience: https://react.dev/link/react-devtools font-weight:bold @ http://localhost:3000/_next/static/chunks/2ff6d_next_dist_bc817883._.js:2297
[     664ms] [LOG] [HMR] connected @ http://localhost:3000/_next/static/chunks/2ff6d_next_dist_bc817883._.js:2297
[    6033ms] [LOG] 💾 Form data auto-saved @ http://localhost:3000/_next/static/chunks/2ff6d_next_dist_bc817883._.js:2297
[    6034ms] [LOG] 💾 Proposal data auto-saved @ http://localhost:3000/_next/static/chunks/2ff6d_next_dist_bc817883._.js:2297
[   11025ms] [LOG] 💾 Form data auto-saved @ http://localhost:3000/_next/static/chunks/2ff6d_next_dist_bc817883._.js:2297
[   11025ms] [LOG] 💾 Proposal data auto-saved @ http://localhost:3000/_next/static/chunks/2ff6d_next_dist_bc817883._.js:2297
[   16025ms] [LOG] 💾 Form data auto-saved @ http://localhost:3000/_next/static/chunks/2ff6d_next_dist_bc817883._.js:2297
[   16025ms] [LOG] 💾 Proposal data auto-saved @ http://localhost:3000/_next/static/chunks/2ff6d_next_dist_bc817883._.js:2297
[   21025ms] [LOG] 💾 Form data auto-saved @ http://localhost:3000/_next/static/chunks/2ff6d_next_dist_bc817883._.js:2297
[   21025ms] [LOG] 💾 Proposal data auto-saved @ http://localhost:3000/_next/static/chunks/2ff6d_next_dist_bc817883._.js:2297
[   26025ms] [LOG] 💾 Form data auto-saved @ http://localhost:3000/_next/static/chunks/2ff6d_next_dist_bc817883._.js:2297
[   26025ms] [LOG] 💾 Proposal data auto-saved @ http://localhost:3000/_next/static/chunks/2ff6d_next_dist_bc817883._.js:2297
[   31025ms] [LOG] 💾 Form data auto-saved @ http://localhost:3000/_next/static/chunks/2ff6d_next_dist_bc817883._.js:2297
[   31026ms] [LOG] 💾 Proposal data auto-saved @ http://localhost:3000/_next/static/chunks/2ff6d_next_dist_bc817883._.js:2297
[   36025ms] [LOG] 💾 Form data auto-saved @ http://localhost:3000/_next/static/chunks/2ff6d_next_dist_bc817883._.js:2297
[   36026ms] [LOG] 💾 Proposal data auto-saved @ http://localhost:3000/_next/static/chunks/2ff6d_next_dist_bc817883._.js:2297
[   41025ms] [LOG] 💾 Form data auto-saved @ http://localhost:3000/_next/static/chunks/2ff6d_next_dist_bc817883._.js:2297
[   41026ms] [LOG] 💾 Proposal data auto-saved @ http://localhost:3000/_next/static/chunks/2ff6d_next_dist_bc817883._.js:2297
[   46025ms] [LOG] 💾 Proposal data auto-saved @ http://localhost:3000/_next/static/chunks/2ff6d_next_dist_bc817883._.js:2297
[   49463ms] [LOG] 💾 Form data auto-saved @ http://localhost:3000/_next/static/chunks/2ff6d_next_dist_bc817883._.js:2297
[   51025ms] [LOG] 💾 Proposal data auto-saved @ http://localhost:3000/_next/static/chunks/2ff6d_next_dist_bc817883._.js:2297
[   54463ms] [LOG] 💾 Form data auto-saved @ http://localhost:3000/_next/static/chunks/2ff6d_next_dist_bc817883._.js:2297
[   56025ms] [LOG] 💾 Proposal data auto-saved @ http://localhost:3000/_next/static/chunks/2ff6d_next_dist_bc817883._.js:2297
[   59463ms] [LOG] 💾 Form data auto-saved @ http://localhost:3000/_next/static/chunks/2ff6d_next_dist_bc817883._.js:2297
[   61025ms] [LOG] 💾 Proposal data auto-saved @ http://localhost:3000/_next/static/chunks/2ff6d_next_dist_bc817883._.js:2297
[   64462ms] [LOG] 💾 Form data auto-saved @ http://localhost:3000/_next/static/chunks/2ff6d_next_dist_bc817883._.js:2297
[   66025ms] [LOG] 💾 Proposal data auto-saved @ http://localhost:3000/_next/static/chunks/2ff6d_next_dist_bc817883._.js:2297
[   69463ms] [LOG] 💾 Form data auto-saved @ http://localhost:3000/_next/static/chunks/2ff6d_next_dist_bc817883._.js:2297
[   71025ms] [LOG] 💾 Proposal data auto-saved @ http://localhost:3000/_next/static/chunks/2ff6d_next_dist_bc817883._.js:2297
[   74463ms] [LOG] 💾 Form data auto-saved @ http://localhost:3000/_next/static/chunks/2ff6d_next_dist_bc817883._.js:2297
[   76025ms] [LOG] 💾 Proposal data auto-saved @ http://localhost:3000/_next/static/chunks/2ff6d_next_dist_bc817883._.js:2297
[   79463ms] [LOG] 💾 Form data auto-saved @ http://localhost:3000/_next/static/chunks/2ff6d_next_dist_bc817883._.js:2297
[   81025ms] [LOG] 💾 Proposal data auto-saved @ http://localhost:3000/_next/static/chunks/2ff6d_next_dist_bc817883._.js:2297
[   84463ms] [LOG] 💾 Form data auto-saved @ http://localhost:3000/_next/static/chunks/2ff6d_next_dist_bc817883._.js:2297
[   86025ms] [LOG] 💾 Proposal data auto-saved @ http://localhost:3000/_next/static/chunks/2ff6d_next_dist_bc817883._.js:2297
[   89468ms] [LOG] 💾 Form data auto-saved @ http://localhost:3000/_next/static/chunks/2ff6d_next_dist_bc817883._.js:2297
[   91026ms] [LOG] 💾 Proposal data auto-saved @ http://localhost:3000/_next/static/chunks/2ff6d_next_dist_bc817883._.js:2297
[   94463ms] [LOG] 💾 Form data auto-saved @ http://localhost:3000/_next/static/chunks/2ff6d_next_dist_bc817883._.js:2297
[   96025ms] [LOG] 💾 Proposal data auto-saved @ http://localhost:3000/_next/static/chunks/2ff6d_next_dist_bc817883._.js:2297
[   99463ms] [LOG] 💾 Form data auto-saved @ http://localhost:3000/_next/static/chunks/2ff6d_next_dist_bc817883._.js:2297
[  101025ms] [LOG] 💾 Proposal data auto-saved @ http://localhost:3000/_next/static/chunks/2ff6d_next_dist_bc817883._.js:2297
[  104463ms] [LOG] 💾 Form data auto-saved @ http://localhost:3000/_next/static/chunks/2ff6d_next_dist_bc817883._.js:2297
[  106025ms] [LOG] 💾 Proposal data auto-saved @ http://localhost:3000/_next/static/chunks/2ff6d_next_dist_bc817883._.js:2297
[  109463ms] [LOG] 💾 Form data auto-saved @ http://localhost:3000/_next/static/chunks/2ff6d_next_dist_bc817883._.js:2297
[  111025ms] [LOG] 💾 Proposal data auto-saved @ http://localhost:3000/_next/static/chunks/2ff6d_next_dist_bc817883._.js:2297
[  114463ms] [LOG] 💾 Form data auto-saved @ http://localhost:3000/_next/static/chunks/2ff6d_next_dist_bc817883._.js:2297
[  116025ms] [LOG] 💾 Proposal data auto-saved @ http://localhost:3000/_next/static/chunks/2ff6d_next_dist_bc817883._.js:2297
[  119463ms] [LOG] 💾 Form data auto-saved @ http://localhost:3000/_next/static/chunks/2ff6d_next_dist_bc817883._.js:2297
[  121025ms] [LOG] 💾 Proposal data auto-saved @ http://localhost:3000/_next/static/chunks/2ff6d_next_dist_bc817883._.js:2297
[  124463ms] [LOG] 💾 Form data auto-saved @ http://localhost:3000/_next/static/chunks/2ff6d_next_dist_bc817883._.js:2297
[  126025ms] [LOG] 💾 Proposal data auto-saved @ http://localhost:3000/_next/static/chunks/2ff6d_next_dist_bc817883._.js:2297
[  129463ms] [LOG] 💾 Form data auto-saved @ http://localhost:3000/_next/static/chunks/2ff6d_next_dist_bc817883._.js:2297
[  131025ms] [LOG] 💾 Proposal data auto-saved @ http://localhost:3000/_next/static/chunks/2ff6d_next_dist_bc817883._.js:2297
[  134463ms] [LOG] 💾 Form data auto-saved @ http://localhost:3000/_next/static/chunks/2ff6d_next_dist_bc817883._.js:2297
[  136025ms] [LOG] 💾 Proposal data auto-saved @ http://localhost:3000/_next/static/chunks/2ff6d_next_dist_bc817883._.js:2297
[  139463ms] [LOG] 💾 Form data auto-saved @ http://localhost:3000/_next/static/chunks/2ff6d_next_dist_bc817883._.js:2297
[  141025ms] [LOG] 💾 Proposal data auto-saved @ http://localhost:3000/_next/static/chunks/2ff6d_next_dist_bc817883._.js:2297
[  144463ms] [LOG] 💾 Form data auto-saved @ http://localhost:3000/_next/static/chunks/2ff6d_next_dist_bc817883._.js:2297
[  146025ms] [LOG] 💾 Proposal data auto-saved @ http://localhost:3000/_next/static/chunks/2ff6d_next_dist_bc817883._.js:2297
[  149463ms] [LOG] 💾 Form data auto-saved @ http://localhost:3000/_next/static/chunks/2ff6d_next_dist_bc817883._.js:2297
[  151025ms] [LOG] 💾 Proposal data auto-saved @ http://localhost:3000/_next/static/chunks/2ff6d_next_dist_bc817883._.js:2297
[  154463ms] [LOG] 💾 Form data auto-saved @ http://localhost:3000/_next/static/chunks/2ff6d_next_dist_bc817883._.js:2297
[  156025ms] [LOG] 💾 Proposal data auto-saved @ http://localhost:3000/_next/static/chunks/2ff6d_next_dist_bc817883._.js:2297
[  159464ms] [LOG] 💾 Form data auto-saved @ http://localhost:3000/_next/static/chunks/2ff6d_next_dist_bc817883._.js:2297
[  161025ms] [LOG] 💾 Proposal data auto-saved @ http://localhost:3000/_next/static/chunks/2ff6d_next_dist_bc817883._.js:2297
[  164463ms] [LOG] 💾 Form data auto-saved @ http://localhost:3000/_next/static/chunks/2ff6d_next_dist_bc817883._.js:2297
[  166025ms] [LOG] 💾 Proposal data auto-saved @ http://localhost:3000/_next/static/chunks/2ff6d_next_dist_bc817883._.js:2297
[  169462ms] [LOG] 💾 Form data auto-saved @ http://localhost:3000/_next/static/chunks/2ff6d_next_dist_bc817883._.js:2297
[  171025ms] [LOG] 💾 Proposal data auto-saved @ http://localhost:3000/_next/static/chunks/2ff6d_next_dist_bc817883._.js:2297
[  174463ms] [LOG] 💾 Form data auto-saved @ http://localhost:3000/_next/static/chunks/2ff6d_next_dist_bc817883._.js:2297
[  176025ms] [LOG] 💾 Proposal data auto-saved @ http://localhost:3000/_next/static/chunks/2ff6d_next_dist_bc817883._.js:2297
[  179462ms] [LOG] 💾 Form data auto-saved @ http://localhost:3000/_next/static/chunks/2ff6d_next_dist_bc817883._.js:2297
[  181032ms] [LOG] 💾 Proposal data auto-saved @ http://localhost:3000/_next/static/chunks/2ff6d_next_dist_bc817883._.js:2297
[  184463ms] [LOG] 💾 Form data auto-saved @ http://localhost:3000/_next/static/chunks/2ff6d_next_dist_bc817883._.js:2297
[  186025ms] [LOG] 💾 Proposal data auto-saved @ http://localhost:3000/_next/static/chunks/2ff6d_next_dist_bc817883._.js:2297
[  189463ms] [LOG] 💾 Form data auto-saved @ http://localhost:3000/_next/static/chunks/2ff6d_next_dist_bc817883._.js:2297
[  191025ms] [LOG] 💾 Proposal data auto-saved @ http://localhost:3000/_next/static/chunks/2ff6d_next_dist_bc817883._.js:2297
[  194463ms] [LOG] 💾 Form data auto-saved @ http://localhost:3000/_next/static/chunks/2ff6d_next_dist_bc817883._.js:2297
[  196025ms] [LOG] 💾 Proposal data auto-saved @ http://localhost:3000/_next/static/chunks/2ff6d_next_dist_bc817883._.js:2297
[  199463ms] [LOG] 💾 Form data auto-saved @ http://localhost:3000/_next/static/chunks/2ff6d_next_dist_bc817883._.js:2297
[  201025ms] [LOG] 💾 Proposal data auto-saved @ http://localhost:3000/_next/static/chunks/2ff6d_next_dist_bc817883._.js:2297
[  204464ms] [LOG] 💾 Form data auto-saved @ http://localhost:3000/_next/static/chunks/2ff6d_next_dist_bc817883._.js:2297
[  206025ms] [LOG] 💾 Proposal data auto-saved @ http://localhost:3000/_next/static/chunks/2ff6d_next_dist_bc817883._.js:2297
[  209463ms] [LOG] 💾 Form data auto-saved @ http://localhost:3000/_next/static/chunks/2ff6d_next_dist_bc817883._.js:2297
[  211025ms] [LOG] 💾 Proposal data auto-saved @ http://localhost:3000/_next/static/chunks/2ff6d_next_dist_bc817883._.js:2297
[  214462ms] [LOG] 💾 Form data auto-saved @ http://localhost:3000/_next/static/chunks/2ff6d_next_dist_bc817883._.js:2297
[  216025ms] [LOG] 💾 Proposal data auto-saved @ http://localhost:3000/_next/static/chunks/2ff6d_next_dist_bc817883._.js:2297
[  219463ms] [LOG] 💾 Form data auto-saved @ http://localhost:3000/_next/static/chunks/2ff6d_next_dist_bc817883._.js:2297
[  221025ms] [LOG] 💾 Proposal data auto-saved @ http://localhost:3000/_next/static/chunks/2ff6d_next_dist_bc817883._.js:2297
[  224463ms] [LOG] 💾 Form data auto-saved @ http://localhost:3000/_next/static/chunks/2ff6d_next_dist_bc817883._.js:2297
[  226029ms] [LOG] 💾 Proposal data auto-saved @ http://localhost:3000/_next/static/chunks/2ff6d_next_dist_bc817883._.js:2297
[  229463ms] [LOG] 💾 Form data auto-saved @ http://localhost:3000/_next/static/chunks/2ff6d_next_dist_bc817883._.js:2297
[  231025ms] [LOG] 💾 Proposal data auto-saved @ http://localhost:3000/_next/static/chunks/2ff6d_next_dist_bc817883._.js:2297
[  234463ms] [LOG] 💾 Form data auto-saved @ http://localhost:3000/_next/static/chunks/2ff6d_next_dist_bc817883._.js:2297
[  236025ms] [LOG] 💾 Proposal data auto-saved @ http://localhost:3000/_next/static/chunks/2ff6d_next_dist_bc817883._.js:2297
[  239463ms] [LOG] 💾 Form data auto-saved @ http://localhost:3000/_next/static/chunks/2ff6d_next_dist_bc817883._.js:2297
[  241025ms] [LOG] 💾 Proposal data auto-saved @ http://localhost:3000/_next/static/chunks/2ff6d_next_dist_bc817883._.js:2297
[  244463ms] [LOG] 💾 Form data auto-saved @ http://localhost:3000/_next/static/chunks/2ff6d_next_dist_bc817883._.js:2297
[  246025ms] [LOG] 💾 Proposal data auto-saved @ http://localhost:3000/_next/static/chunks/2ff6d_next_dist_bc817883._.js:2297
[  249463ms] [LOG] 💾 Form data auto-saved @ http://localhost:3000/_next/static/chunks/2ff6d_next_dist_bc817883._.js:2297
[  251025ms] [LOG] 💾 Proposal data auto-saved @ http://localhost:3000/_next/static/chunks/2ff6d_next_dist_bc817883._.js:2297
[  254463ms] [LOG] 💾 Form data auto-saved @ http://localhost:3000/_next/static/chunks/2ff6d_next_dist_bc817883._.js:2297
[  256025ms] [LOG] 💾 Proposal data auto-saved @ http://localhost:3000/_next/static/chunks/2ff6d_next_dist_bc817883._.js:2297
[  259463ms] [LOG] 💾 Form data auto-saved @ http://localhost:3000/_next/static/chunks/2ff6d_next_dist_bc817883._.js:2297
[  261025ms] [LOG] 💾 Proposal data auto-saved @ http://localhost:3000/_next/static/chunks/2ff6d_next_dist_bc817883._.js:2297
[  264463ms] [LOG] 💾 Form data auto-saved @ http://localhost:3000/_next/static/chunks/2ff6d_next_dist_bc817883._.js:2297
[  266025ms] [LOG] 💾 Proposal data auto-saved @ http://localhost:3000/_next/static/chunks/2ff6d_next_dist_bc817883._.js:2297
[  269463ms] [LOG] 💾 Form data auto-saved @ http://localhost:3000/_next/static/chunks/2ff6d_next_dist_bc817883._.js:2297
[  271025ms] [LOG] 💾 Proposal data auto-saved @ http://localhost:3000/_next/static/chunks/2ff6d_next_dist_bc817883._.js:2297
[  274463ms] [LOG] 💾 Form data auto-saved @ http://localhost:3000/_next/static/chunks/2ff6d_next_dist_bc817883._.js:2297
[  276025ms] [LOG] 💾 Proposal data auto-saved @ http://localhost:3000/_next/static/chunks/2ff6d_next_dist_bc817883._.js:2297
[  279463ms] [LOG] 💾 Form data auto-saved @ http://localhost:3000/_next/static/chunks/2ff6d_next_dist_bc817883._.js:2297
[  281025ms] [LOG] 💾 Proposal data auto-saved @ http://localhost:3000/_next/static/chunks/2ff6d_next_dist_bc817883._.js:2297
[  284463ms] [LOG] 💾 Form data auto-saved @ http://localhost:3000/_next/static/chunks/2ff6d_next_dist_bc817883._.js:2297
[  286025ms] [LOG] 💾 Proposal data auto-saved @ http://localhost:3000/_next/static/chunks/2ff6d_next_dist_bc817883._.js:2297
[  289463ms] [LOG] 💾 Form data auto-saved @ http://localhost:3000/_next/static/chunks/2ff6d_next_dist_bc817883._.js:2297
[  291025ms] [LOG] 💾 Proposal data auto-saved @ http://localhost:3000/_next/static/chunks/2ff6d_next_dist_bc817883._.js:2297
[  294463ms] [LOG] 💾 Form data auto-saved @ http://localhost:3000/_next/static/chunks/2ff6d_next_dist_bc817883._.js:2297
[  296025ms] [LOG] 💾 Proposal data auto-saved @ http://localhost:3000/_next/static/chunks/2ff6d_next_dist_bc817883._.js:2297
[  299463ms] [LOG] 💾 Form data auto-saved @ http://localhost:3000/_next/static/chunks/2ff6d_next_dist_bc817883._.js:2297
[  301025ms] [LOG] 💾 Proposal data auto-saved @ http://localhost:3000/_next/static/chunks/2ff6d_next_dist_bc817883._.js:2297
[  304463ms] [LOG] 💾 Form data auto-saved @ http://localhost:3000/_next/static/chunks/2ff6d_next_dist_bc817883._.js:2297
[  306025ms] [LOG] 💾 Proposal data auto-saved @ http://localhost:3000/_next/static/chunks/2ff6d_next_dist_bc817883._.js:2297
[  309463ms] [LOG] 💾 Form data auto-saved @ http://localhost:3000/_next/static/chunks/2ff6d_next_dist_bc817883._.js:2297
[  311025ms] [LOG] 💾 Proposal data auto-saved @ http://localhost:3000/_next/static/chunks/2ff6d_next_dist_bc817883._.js:2297
[  314463ms] [LOG] 💾 Form data auto-saved @ http://localhost:3000/_next/static/chunks/2ff6d_next_dist_bc817883._.js:2297
[  316025ms] [LOG] 💾 Proposal data auto-saved @ http://localhost:3000/_next/static/chunks/2ff6d_next_dist_bc817883._.js:2297
[  319463ms] [LOG] 💾 Form data auto-saved @ http://localhost:3000/_next/static/chunks/2ff6d_next_dist_bc817883._.js:2297
[  321025ms] [LOG] 💾 Proposal data auto-saved @ http://localhost:3000/_next/static/chunks/2ff6d_next_dist_bc817883._.js:2297
[  324463ms] [LOG] 💾 Form data auto-saved @ http://localhost:3000/_next/static/chunks/2ff6d_next_dist_bc817883._.js:2297
[  326025ms] [LOG] 💾 Proposal data auto-saved @ http://localhost:3000/_next/static/chunks/2ff6d_next_dist_bc817883._.js:2297
[  329463ms] [LOG] 💾 Form data auto-saved @ http://localhost:3000/_next/static/chunks/2ff6d_next_dist_bc817883._.js:2297
[  331025ms] [LOG] 💾 Proposal data auto-saved @ http://localhost:3000/_next/static/chunks/2ff6d_next_dist_bc817883._.js:2297
[  334463ms] [LOG] 💾 Form data auto-saved @ http://localhost:3000/_next/static/chunks/2ff6d_next_dist_bc817883._.js:2297
[  336025ms] [LOG] 💾 Proposal data auto-saved @ http://localhost:3000/_next/static/chunks/2ff6d_next_dist_bc817883._.js:2297
[  339463ms] [LOG] 💾 Form data auto-saved @ http://localhost:3000/_next/static/chunks/2ff6d_next_dist_bc817883._.js:2297
[  341025ms] [LOG] 💾 Proposal data auto-saved @ http://localhost:3000/_next/static/chunks/2ff6d_next_dist_bc817883._.js:2297
[  344463ms] [LOG] 💾 Form data auto-saved @ http://localhost:3000/_next/static/chunks/2ff6d_next_dist_bc817883._.js:2297
[  346025ms] [LOG] 💾 Proposal data auto-saved @ http://localhost:3000/_next/static/chunks/2ff6d_next_dist_bc817883._.js:2297
[  349463ms] [LOG] 💾 Form data auto-saved @ http://localhost:3000/_next/static/chunks/2ff6d_next_dist_bc817883._.js:2297
[  351025ms] [LOG] 💾 Proposal data auto-saved @ http://localhost:3000/_next/static/chunks/2ff6d_next_dist_bc817883._.js:2297
[  354463ms] [LOG] 💾 Form data auto-saved @ http://localhost:3000/_next/static/chunks/2ff6d_next_dist_bc817883._.js:2297
[  356025ms] [LOG] 💾 Proposal data auto-saved @ http://localhost:3000/_next/static/chunks/2ff6d_next_dist_bc817883._.js:2297
[  359463ms] [LOG] 💾 Form data auto-saved @ http://localhost:3000/_next/static/chunks/2ff6d_next_dist_bc817883._.js:2297
[  361025ms] [LOG] 💾 Proposal data auto-saved @ http://localhost:3000/_next/static/chunks/2ff6d_next_dist_bc817883._.js:2297
[  364463ms] [LOG] 💾 Form data auto-saved @ http://localhost:3000/_next/static/chunks/2ff6d_next_dist_bc817883._.js:2297
[  366025ms] [LOG] 💾 Proposal data auto-saved @ http://localhost:3000/_next/static/chunks/2ff6d_next_dist_bc817883._.js:2297
[  369463ms] [LOG] 💾 Form data auto-saved @ http://localhost:3000/_next/static/chunks/2ff6d_next_dist_bc817883._.js:2297
[  371025ms] [LOG] 💾 Proposal data auto-saved @ http://localhost:3000/_next/static/chunks/2ff6d_next_dist_bc817883._.js:2297
[  374464ms] [LOG] 💾 Form data auto-saved @ http://localhost:3000/_next/static/chunks/2ff6d_next_dist_bc817883._.js:2297
[  376025ms] [LOG] 💾 Proposal data auto-saved @ http://localhost:3000/_next/static/chunks/2ff6d_next_dist_bc817883._.js:2297
[  379463ms] [LOG] 💾 Form data auto-saved @ http://localhost:3000/_next/static/chunks/2ff6d_next_dist_bc817883._.js:2297
[  381025ms] [LOG] 💾 Proposal data auto-saved @ http://localhost:3000/_next/static/chunks/2ff6d_next_dist_bc817883._.js:2297
[  384463ms] [LOG] 💾 Form data auto-saved @ http://localhost:3000/_next/static/chunks/2ff6d_next_dist_bc817883._.js:2297
[  386025ms] [LOG] 💾 Proposal data auto-saved @ http://localhost:3000/_next/static/chunks/2ff6d_next_dist_bc817883._.js:2297
[  389463ms] [LOG] 💾 Form data auto-saved @ http://localhost:3000/_next/static/chunks/2ff6d_next_dist_bc817883._.js:2297
[  391025ms] [LOG] 💾 Proposal data auto-saved @ http://localhost:3000/_next/static/chunks/2ff6d_next_dist_bc817883._.js:2297
[  394463ms] [LOG] 💾 Form data auto-saved @ http://localhost:3000/_next/static/chunks/2ff6d_next_dist_bc817883._.js:2297
[  396025ms] [LOG] 💾 Proposal data auto-saved @ http://localhost:3000/_next/static/chunks/2ff6d_next_dist_bc817883._.js:2297
[  399463ms] [LOG] 💾 Form data auto-saved @ http://localhost:3000/_next/static/chunks/2ff6d_next_dist_bc817883._.js:2297
[  401025ms] [LOG] 💾 Proposal data auto-saved @ http://localhost:3000/_next/static/chunks/2ff6d_next_dist_bc817883._.js:2297
[  404463ms] [LOG] 💾 Form data auto-saved @ http://localhost:3000/_next/static/chunks/2ff6d_next_dist_bc817883._.js:2297
[  406025ms] [LOG] 💾 Proposal data auto-saved @ http://localhost:3000/_next/static/chunks/2ff6d_next_dist_bc817883._.js:2297
[  409463ms] [LOG] 💾 Form data auto-saved @ http://localhost:3000/_next/static/chunks/2ff6d_next_dist_bc817883._.js:2297
[  411025ms] [LOG] 💾 Proposal data auto-saved @ http://localhost:3000/_next/static/chunks/2ff6d_next_dist_bc817883._.js:2297
[  414463ms] [LOG] 💾 Form data auto-saved @ http://localhost:3000/_next/static/chunks/2ff6d_next_dist_bc817883._.js:2297
[  416025ms] [LOG] 💾 Proposal data auto-saved @ http://localhost:3000/_next/static/chunks/2ff6d_next_dist_bc817883._.js:2297
[  419463ms] [LOG] 💾 Form data auto-saved @ http://localhost:3000/_next/static/chunks/2ff6d_next_dist_bc817883._.js:2297
[  421025ms] [LOG] 💾 Proposal data auto-saved @ http://localhost:3000/_next/static/chunks/2ff6d_next_dist_bc817883._.js:2297
[  424463ms] [LOG] 💾 Form data auto-saved @ http://localhost:3000/_next/static/chunks/2ff6d_next_dist_bc817883._.js:2297
[  426025ms] [LOG] 💾 Proposal data auto-saved @ http://localhost:3000/_next/static/chunks/2ff6d_next_dist_bc817883._.js:2297
[  429463ms] [LOG] 💾 Form data auto-saved @ http://localhost:3000/_next/static/chunks/2ff6d_next_dist_bc817883._.js:2297
[  431025ms] [LOG] 💾 Proposal data auto-saved @ http://localhost:3000/_next/static/chunks/2ff6d_next_dist_bc817883._.js:2297
[  434463ms] [LOG] 💾 Form data auto-saved @ http://localhost:3000/_next/static/chunks/2ff6d_next_dist_bc817883._.js:2297
[  436025ms] [LOG] 💾 Proposal data auto-saved @ http://localhost:3000/_next/static/chunks/2ff6d_next_dist_bc817883._.js:2297
[  439463ms] [LOG] 💾 Form data auto-saved @ http://localhost:3000/_next/static/chunks/2ff6d_next_dist_bc817883._.js:2297
[  441025ms] [LOG] 💾 Proposal data auto-saved @ http://localhost:3000/_next/static/chunks/2ff6d_next_dist_bc817883._.js:2297
[  444462ms] [LOG] 💾 Form data auto-saved @ http://localhost:3000/_next/static/chunks/2ff6d_next_dist_bc817883._.js:2297
[  446025ms] [LOG] 💾 Proposal data auto-saved @ http://localhost:3000/_next/static/chunks/2ff6d_next_dist_bc817883._.js:2297
[  449463ms] [LOG] 💾 Form data auto-saved @ http://localhost:3000/_next/static/chunks/2ff6d_next_dist_bc817883._.js:2297
[  451025ms] [LOG] 💾 Proposal data auto-saved @ http://localhost:3000/_next/static/chunks/2ff6d_next_dist_bc817883._.js:2297
[  454466ms] [LOG] 💾 Form data auto-saved @ http://localhost:3000/_next/static/chunks/2ff6d_next_dist_bc817883._.js:2297
[  456025ms] [LOG] 💾 Proposal data auto-saved @ http://localhost:3000/_next/static/chunks/2ff6d_next_dist_bc817883._.js:2297
[  459462ms] [LOG] 💾 Form data auto-saved @ http://localhost:3000/_next/static/chunks/2ff6d_next_dist_bc817883._.js:2297
[  461025ms] [LOG] 💾 Proposal data auto-saved @ http://localhost:3000/_next/static/chunks/2ff6d_next_dist_bc817883._.js:2297
[  464463ms] [LOG] 💾 Form data auto-saved @ http://localhost:3000/_next/static/chunks/2ff6d_next_dist_bc817883._.js:2297
[  466025ms] [LOG] 💾 Proposal data auto-saved @ http://localhost:3000/_next/static/chunks/2ff6d_next_dist_bc817883._.js:2297
[  469464ms] [LOG] 💾 Form data auto-saved @ http://localhost:3000/_next/static/chunks/2ff6d_next_dist_bc817883._.js:2297
[  471025ms] [LOG] 💾 Proposal data auto-saved @ http://localhost:3000/_next/static/chunks/2ff6d_next_dist_bc817883._.js:2297
[  474463ms] [LOG] 💾 Form data auto-saved @ http://localhost:3000/_next/static/chunks/2ff6d_next_dist_bc817883._.js:2297
[  476025ms] [LOG] 💾 Proposal data auto-saved @ http://localhost:3000/_next/static/chunks/2ff6d_next_dist_bc817883._.js:2297
[  479463ms] [LOG] 💾 Form data auto-saved @ http://localhost:3000/_next/static/chunks/2ff6d_next_dist_bc817883._.js:2297
[  481025ms] [LOG] 💾 Proposal data auto-saved @ http://localhost:3000/_next/static/chunks/2ff6d_next_dist_bc817883._.js:2297
[  484463ms] [LOG] 💾 Form data auto-saved @ http://localhost:3000/_next/static/chunks/2ff6d_next_dist_bc817883._.js:2297
[  486025ms] [LOG] 💾 Proposal data auto-saved @ http://localhost:3000/_next/static/chunks/2ff6d_next_dist_bc817883._.js:2297
[  489463ms] [LOG] 💾 Form data auto-saved @ http://localhost:3000/_next/static/chunks/2ff6d_next_dist_bc817883._.js:2297
[  491025ms] [LOG] 💾 Proposal data auto-saved @ http://localhost:3000/_next/static/chunks/2ff6d_next_dist_bc817883._.js:2297
[  494463ms] [LOG] 💾 Form data auto-saved @ http://localhost:3000/_next/static/chunks/2ff6d_next_dist_bc817883._.js:2297
[  496025ms] [LOG] 💾 Proposal data auto-saved @ http://localhost:3000/_next/static/chunks/2ff6d_next_dist_bc817883._.js:2297
[  497337ms] [LOG] [Fast Refresh] rebuilding @ http://localhost:3000/_next/static/chunks/2ff6d_next_dist_bc817883._.js:2297
[  497344ms] [LOG] [Fast Refresh] done in 107ms @ http://localhost:3000/_next/static/chunks/2ff6d_next_dist_bc817883._.js:2297
[  499462ms] [LOG] 💾 Form data auto-saved @ http://localhost:3000/_next/static/chunks/2ff6d_next_dist_bc817883._.js:2297
[  501025ms] [LOG] 💾 Proposal data auto-saved @ http://localhost:3000/_next/static/chunks/2ff6d_next_dist_bc817883._.js:2297
[  504462ms] [LOG] 💾 Form data auto-saved @ http://localhost:3000/_next/static/chunks/2ff6d_next_dist_bc817883._.js:2297
[  506025ms] [LOG] 💾 Proposal data auto-saved @ http://localhost:3000/_next/static/chunks/2ff6d_next_dist_bc817883._.js:2297
[  509463ms] [LOG] 💾 Form data auto-saved @ http://localhost:3000/_next/static/chunks/2ff6d_next_dist_bc817883._.js:2297
[  511025ms] [LOG] 💾 Proposal data auto-saved @ http://localhost:3000/_next/static/chunks/2ff6d_next_dist_bc817883._.js:2297
[  514462ms] [LOG] 💾 Form data auto-saved @ http://localhost:3000/_next/static/chunks/2ff6d_next_dist_bc817883._.js:2297
[  516025ms] [LOG] 💾 Proposal data auto-saved @ http://localhost:3000/_next/static/chunks/2ff6d_next_dist_bc817883._.js:2297
[  519463ms] [LOG] 💾 Form data auto-saved @ http://localhost:3000/_next/static/chunks/2ff6d_next_dist_bc817883._.js:2297
[  521025ms] [LOG] 💾 Proposal data auto-saved @ http://localhost:3000/_next/static/chunks/2ff6d_next_dist_bc817883._.js:2297
[  524463ms] [LOG] 💾 Form data auto-saved @ http://localhost:3000/_next/static/chunks/2ff6d_next_dist_bc817883._.js:2297
[  526025ms] [LOG] 💾 Proposal data auto-saved @ http://localhost:3000/_next/static/chunks/2ff6d_next_dist_bc817883._.js:2297
[  529462ms] [LOG] 💾 Form data auto-saved @ http://localhost:3000/_next/static/chunks/2ff6d_next_dist_bc817883._.js:2297
[  531025ms] [LOG] 💾 Proposal data auto-saved @ http://localhost:3000/_next/static/chunks/2ff6d_next_dist_bc817883._.js:2297
[  534462ms] [LOG] 💾 Form data auto-saved @ http://localhost:3000/_next/static/chunks/2ff6d_next_dist_bc817883._.js:2297
[  536025ms] [LOG] 💾 Proposal data auto-saved @ http://localhost:3000/_next/static/chunks/2ff6d_next_dist_bc817883._.js:2297
[  539463ms] [LOG] 💾 Form data auto-saved @ http://localhost:3000/_next/static/chunks/2ff6d_next_dist_bc817883._.js:2297
[  541026ms] [LOG] 💾 Proposal data auto-saved @ http://localhost:3000/_next/static/chunks/2ff6d_next_dist_bc817883._.js:2297
[  544463ms] [LOG] 💾 Form data auto-saved @ http://localhost:3000/_next/static/chunks/2ff6d_next_dist_bc817883._.js:2297
[  546025ms] [LOG] 💾 Proposal data auto-saved @ http://localhost:3000/_next/static/chunks/2ff6d_next_dist_bc817883._.js:2297
[  549463ms] [LOG] 💾 Form data auto-saved @ http://localhost:3000/_next/static/chunks/2ff6d_next_dist_bc817883._.js:2297
[  551025ms] [LOG] 💾 Proposal data auto-saved @ http://localhost:3000/_next/static/chunks/2ff6d_next_dist_bc817883._.js:2297
[  554463ms] [LOG] 💾 Form data auto-saved @ http://localhost:3000/_next/static/chunks/2ff6d_next_dist_bc817883._.js:2297
[  556025ms] [LOG] 💾 Proposal data auto-saved @ http://localhost:3000/_next/static/chunks/2ff6d_next_dist_bc817883._.js:2297
[  559462ms] [LOG] 💾 Form data auto-saved @ http://localhost:3000/_next/static/chunks/2ff6d_next_dist_bc817883._.js:2297
[  561025ms] [LOG] 💾 Proposal data auto-saved @ http://localhost:3000/_next/static/chunks/2ff6d_next_dist_bc817883._.js:2297
[  564463ms] [LOG] 💾 Form data auto-saved @ http://localhost:3000/_next/static/chunks/2ff6d_next_dist_bc817883._.js:2297
[  566025ms] [LOG] 💾 Proposal data auto-saved @ http://localhost:3000/_next/static/chunks/2ff6d_next_dist_bc817883._.js:2297
[  569463ms] [LOG] 💾 Form data auto-saved @ http://localhost:3000/_next/static/chunks/2ff6d_next_dist_bc817883._.js:2297
[  571025ms] [LOG] 💾 Proposal data auto-saved @ http://localhost:3000/_next/static/chunks/2ff6d_next_dist_bc817883._.js:2297
[  574464ms] [LOG] 💾 Form data auto-saved @ http://localhost:3000/_next/static/chunks/2ff6d_next_dist_bc817883._.js:2297
[  576025ms] [LOG] 💾 Proposal data auto-saved @ http://localhost:3000/_next/static/chunks/2ff6d_next_dist_bc817883._.js:2297
[  579463ms] [LOG] 💾 Form data auto-saved @ http://localhost:3000/_next/static/chunks/2ff6d_next_dist_bc817883._.js:2297
[  581025ms] [LOG] 💾 Proposal data auto-saved @ http://localhost:3000/_next/static/chunks/2ff6d_next_dist_bc817883._.js:2297
[  584463ms] [LOG] 💾 Form data auto-saved @ http://localhost:3000/_next/static/chunks/2ff6d_next_dist_bc817883._.js:2297
[  586025ms] [LOG] 💾 Proposal data auto-saved @ http://localhost:3000/_next/static/chunks/2ff6d_next_dist_bc817883._.js:2297
[  589463ms] [LOG] 💾 Form data auto-saved @ http://localhost:3000/_next/static/chunks/2ff6d_next_dist_bc817883._.js:2297
[  591025ms] [LOG] 💾 Proposal data auto-saved @ http://localhost:3000/_next/static/chunks/2ff6d_next_dist_bc817883._.js:2297
[  594463ms] [LOG] 💾 Form data auto-saved @ http://localhost:3000/_next/static/chunks/2ff6d_next_dist_bc817883._.js:2297
[  596025ms] [LOG] 💾 Proposal data auto-saved @ http://localhost:3000/_next/static/chunks/2ff6d_next_dist_bc817883._.js:2297
[  599464ms] [LOG] 💾 Form data auto-saved @ http://localhost:3000/_next/static/chunks/2ff6d_next_dist_bc817883._.js:2297
[  601025ms] [LOG] 💾 Proposal data auto-saved @ http://localhost:3000/_next/static/chunks/2ff6d_next_dist_bc817883._.js:2297
[  604463ms] [LOG] 💾 Form data auto-saved @ http://localhost:3000/_next/static/chunks/2ff6d_next_dist_bc817883._.js:2297
[  606025ms] [LOG] 💾 Proposal data auto-saved @ http://localhost:3000/_next/static/chunks/2ff6d_next_dist_bc817883._.js:2297
[  609463ms] [LOG] 💾 Form data auto-saved @ http://localhost:3000/_next/static/chunks/2ff6d_next_dist_bc817883._.js:2297
[  611025ms] [LOG] 💾 Proposal data auto-saved @ http://localhost:3000/_next/static/chunks/2ff6d_next_dist_bc817883._.js:2297
[  614463ms] [LOG] 💾 Form data auto-saved @ http://localhost:3000/_next/static/chunks/2ff6d_next_dist_bc817883._.js:2297
[  616025ms] [LOG] 💾 Proposal data auto-saved @ http://localhost:3000/_next/static/chunks/2ff6d_next_dist_bc817883._.js:2297
[  619463ms] [LOG] 💾 Form data auto-saved @ http://localhost:3000/_next/static/chunks/2ff6d_next_dist_bc817883._.js:2297
[  621025ms] [LOG] 💾 Proposal data auto-saved @ http://localhost:3000/_next/static/chunks/2ff6d_next_dist_bc817883._.js:2297
[  624463ms] [LOG] 💾 Form data auto-saved @ http://localhost:3000/_next/static/chunks/2ff6d_next_dist_bc817883._.js:2297
[  625411ms] [LOG] [Fast Refresh] rebuilding @ http://localhost:3000/_next/static/chunks/2ff6d_next_dist_bc817883._.js:2297
[  625428ms] [LOG] [Fast Refresh] done in 118ms @ http://localhost:3000/_next/static/chunks/2ff6d_next_dist_bc817883._.js:2297
[  626025ms] [LOG] 💾 Proposal data auto-saved @ http://localhost:3000/_next/static/chunks/2ff6d_next_dist_bc817883._.js:2297
[  629462ms] [LOG] 💾 Form data auto-saved @ http://localhost:3000/_next/static/chunks/2ff6d_next_dist_bc817883._.js:2297
[  631026ms] [LOG] 💾 Proposal data auto-saved @ http://localhost:3000/_next/static/chunks/2ff6d_next_dist_bc817883._.js:2297
[  634463ms] [LOG] 💾 Form data auto-saved @ http://localhost:3000/_next/static/chunks/2ff6d_next_dist_bc817883._.js:2297
[  636025ms] [LOG] 💾 Proposal data auto-saved @ http://localhost:3000/_next/static/chunks/2ff6d_next_dist_bc817883._.js:2297
[  639463ms] [LOG] 💾 Form data auto-saved @ http://localhost:3000/_next/static/chunks/2ff6d_next_dist_bc817883._.js:2297
[  641025ms] [LOG] 💾 Proposal data auto-saved @ http://localhost:3000/_next/static/chunks/2ff6d_next_dist_bc817883._.js:2297
[  644463ms] [LOG] 💾 Form data auto-saved @ http://localhost:3000/_next/static/chunks/2ff6d_next_dist_bc817883._.js:2297
[  646025ms] [LOG] 💾 Proposal data auto-saved @ http://localhost:3000/_next/static/chunks/2ff6d_next_dist_bc817883._.js:2297
[  649463ms] [LOG] 💾 Form data auto-saved @ http://localhost:3000/_next/static/chunks/2ff6d_next_dist_bc817883._.js:2297
[  651025ms] [LOG] 💾 Proposal data auto-saved @ http://localhost:3000/_next/static/chunks/2ff6d_next_dist_bc817883._.js:2297
[  654463ms] [LOG] 💾 Form data auto-saved @ http://localhost:3000/_next/static/chunks/2ff6d_next_dist_bc817883._.js:2297
[  656025ms] [LOG] 💾 Proposal data auto-saved @ http://localhost:3000/_next/static/chunks/2ff6d_next_dist_bc817883._.js:2297
[  659463ms] [LOG] 💾 Form data auto-saved @ http://localhost:3000/_next/static/chunks/2ff6d_next_dist_bc817883._.js:2297
[  661025ms] [LOG] 💾 Proposal data auto-saved @ http://localhost:3000/_next/static/chunks/2ff6d_next_dist_bc817883._.js:2297
[  664463ms] [LOG] 💾 Form data auto-saved @ http://localhost:3000/_next/static/chunks/2ff6d_next_dist_bc817883._.js:2297
[  666025ms] [LOG] 💾 Proposal data auto-saved @ http://localhost:3000/_next/static/chunks/2ff6d_next_dist_bc817883._.js:2297
[  669462ms] [LOG] 💾 Form data auto-saved @ http://localhost:3000/_next/static/chunks/2ff6d_next_dist_bc817883._.js:2297
[  671025ms] [LOG] 💾 Proposal data auto-saved @ http://localhost:3000/_next/static/chunks/2ff6d_next_dist_bc817883._.js:2297
[  674463ms] [LOG] 💾 Form data auto-saved @ http://localhost:3000/_next/static/chunks/2ff6d_next_dist_bc817883._.js:2297
[  676025ms] [LOG] 💾 Proposal data auto-saved @ http://localhost:3000/_next/static/chunks/2ff6d_next_dist_bc817883._.js:2297
[  679463ms] [LOG] 💾 Form data auto-saved @ http://localhost:3000/_next/static/chunks/2ff6d_next_dist_bc817883._.js:2297
[  681025ms] [LOG] 💾 Proposal data auto-saved @ http://localhost:3000/_next/static/chunks/2ff6d_next_dist_bc817883._.js:2297
[  684462ms] [LOG] 💾 Form data auto-saved @ http://localhost:3000/_next/static/chunks/2ff6d_next_dist_bc817883._.js:2297
[  686025ms] [LOG] 💾 Proposal data auto-saved @ http://localhost:3000/_next/static/chunks/2ff6d_next_dist_bc817883._.js:2297
[  689463ms] [LOG] 💾 Form data auto-saved @ http://localhost:3000/_next/static/chunks/2ff6d_next_dist_bc817883._.js:2297
[  691025ms] [LOG] 💾 Proposal data auto-saved @ http://localhost:3000/_next/static/chunks/2ff6d_next_dist_bc817883._.js:2297
[  694462ms] [LOG] 💾 Form data auto-saved @ http://localhost:3000/_next/static/chunks/2ff6d_next_dist_bc817883._.js:2297
[  696025ms] [LOG] 💾 Proposal data auto-saved @ http://localhost:3000/_next/static/chunks/2ff6d_next_dist_bc817883._.js:2297
[  699463ms] [LOG] 💾 Form data auto-saved @ http://localhost:3000/_next/static/chunks/2ff6d_next_dist_bc817883._.js:2297
[  701025ms] [LOG] 💾 Proposal data auto-saved @ http://localhost:3000/_next/static/chunks/2ff6d_next_dist_bc817883._.js:2297
[  704463ms] [LOG] 💾 Form data auto-saved @ http://localhost:3000/_next/static/chunks/2ff6d_next_dist_bc817883._.js:2297
[  706025ms] [LOG] 💾 Proposal data auto-saved @ http://localhost:3000/_next/static/chunks/2ff6d_next_dist_bc817883._.js:2297
[  709463ms] [LOG] 💾 Form data auto-saved @ http://localhost:3000/_next/static/chunks/2ff6d_next_dist_bc817883._.js:2297
[  711025ms] [LOG] 💾 Proposal data auto-saved @ http://localhost:3000/_next/static/chunks/2ff6d_next_dist_bc817883._.js:2297
[  714462ms] [LOG] 💾 Form data auto-saved @ http://localhost:3000/_next/static/chunks/2ff6d_next_dist_bc817883._.js:2297
[  716025ms] [LOG] 💾 Proposal data auto-saved @ http://localhost:3000/_next/static/chunks/2ff6d_next_dist_bc817883._.js:2297
[  719463ms] [LOG] 💾 Form data auto-saved @ http://localhost:3000/_next/static/chunks/2ff6d_next_dist_bc817883._.js:2297
[  721025ms] [LOG] 💾 Proposal data auto-saved @ http://localhost:3000/_next/static/chunks/2ff6d_next_dist_bc817883._.js:2297
[  724463ms] [LOG] 💾 Form data auto-saved @ http://localhost:3000/_next/static/chunks/2ff6d_next_dist_bc817883._.js:2297
[  726025ms] [LOG] 💾 Proposal data auto-saved @ http://localhost:3000/_next/static/chunks/2ff6d_next_dist_bc817883._.js:2297
[  729463ms] [LOG] 💾 Form data auto-saved @ http://localhost:3000/_next/static/chunks/2ff6d_next_dist_bc817883._.js:2297
[  731025ms] [LOG] 💾 Proposal data auto-saved @ http://localhost:3000/_next/static/chunks/2ff6d_next_dist_bc817883._.js:2297
[  734462ms] [LOG] 💾 Form data auto-saved @ http://localhost:3000/_next/static/chunks/2ff6d_next_dist_bc817883._.js:2297
[  736025ms] [LOG] 💾 Proposal data auto-saved @ http://localhost:3000/_next/static/chunks/2ff6d_next_dist_bc817883._.js:2297
[  739463ms] [LOG] 💾 Form data auto-saved @ http://localhost:3000/_next/static/chunks/2ff6d_next_dist_bc817883._.js:2297
[  741027ms] [LOG] 💾 Proposal data auto-saved @ http://localhost:3000/_next/static/chunks/2ff6d_next_dist_bc817883._.js:2297
[  744463ms] [LOG] 💾 Form data auto-saved @ http://localhost:3000/_next/static/chunks/2ff6d_next_dist_bc817883._.js:2297
[  746025ms] [LOG] 💾 Proposal data auto-saved @ http://localhost:3000/_next/static/chunks/2ff6d_next_dist_bc817883._.js:2297
[  749463ms] [LOG] 💾 Form data auto-saved @ http://localhost:3000/_next/static/chunks/2ff6d_next_dist_bc817883._.js:2297
[  751025ms] [LOG] 💾 Proposal data auto-saved @ http://localhost:3000/_next/static/chunks/2ff6d_next_dist_bc817883._.js:2297
[  754463ms] [LOG] 💾 Form data auto-saved @ http://localhost:3000/_next/static/chunks/2ff6d_next_dist_bc817883._.js:2297
[  756025ms] [LOG] 💾 Proposal data auto-saved @ http://localhost:3000/_next/static/chunks/2ff6d_next_dist_bc817883._.js:2297
[  759463ms] [LOG] 💾 Form data auto-saved @ http://localhost:3000/_next/static/chunks/2ff6d_next_dist_bc817883._.js:2297
[  761025ms] [LOG] 💾 Proposal data auto-saved @ http://localhost:3000/_next/static/chunks/2ff6d_next_dist_bc817883._.js:2297
[  766025ms] [LOG] 💾 Proposal data auto-saved @ http://localhost:3000/_next/static/chunks/2ff6d_next_dist_bc817883._.js:2297
[  767143ms] [LOG] 💾 Form data auto-saved @ http://localhost:3000/_next/static/chunks/2ff6d_next_dist_bc817883._.js:2297
[  771026ms] [LOG] 💾 Proposal data auto-saved @ http://localhost:3000/_next/static/chunks/2ff6d_next_dist_bc817883._.js:2297
[  772143ms] [LOG] 💾 Form data auto-saved @ http://localhost:3000/_next/static/chunks/2ff6d_next_dist_bc817883._.js:2297
[  776025ms] [LOG] 💾 Proposal data auto-saved @ http://localhost:3000/_next/static/chunks/2ff6d_next_dist_bc817883._.js:2297
[  777143ms] [LOG] 💾 Form data auto-saved @ http://localhost:3000/_next/static/chunks/2ff6d_next_dist_bc817883._.js:2297
[  781026ms] [LOG] 💾 Proposal data auto-saved @ http://localhost:3000/_next/static/chunks/2ff6d_next_dist_bc817883._.js:2297
[  782143ms] [LOG] 💾 Form data auto-saved @ http://localhost:3000/_next/static/chunks/2ff6d_next_dist_bc817883._.js:2297
[  786026ms] [LOG] 💾 Proposal data auto-saved @ http://localhost:3000/_next/static/chunks/2ff6d_next_dist_bc817883._.js:2297
[  787143ms] [LOG] 💾 Form data auto-saved @ http://localhost:3000/_next/static/chunks/2ff6d_next_dist_bc817883._.js:2297
[  791025ms] [LOG] 💾 Proposal data auto-saved @ http://localhost:3000/_next/static/chunks/2ff6d_next_dist_bc817883._.js:2297
[  792143ms] [LOG] 💾 Form data auto-saved @ http://localhost:3000/_next/static/chunks/2ff6d_next_dist_bc817883._.js:2297
[  796025ms] [LOG] 💾 Proposal data auto-saved @ http://localhost:3000/_next/static/chunks/2ff6d_next_dist_bc817883._.js:2297
[  797143ms] [LOG] 💾 Form data auto-saved @ http://localhost:3000/_next/static/chunks/2ff6d_next_dist_bc817883._.js:2297
[  801025ms] [LOG] 💾 Proposal data auto-saved @ http://localhost:3000/_next/static/chunks/2ff6d_next_dist_bc817883._.js:2297
[  802143ms] [LOG] 💾 Form data auto-saved @ http://localhost:3000/_next/static/chunks/2ff6d_next_dist_bc817883._.js:2297
[  806025ms] [LOG] 💾 Proposal data auto-saved @ http://localhost:3000/_next/static/chunks/2ff6d_next_dist_bc817883._.js:2297
[  807143ms] [LOG] 💾 Form data auto-saved @ http://localhost:3000/_next/static/chunks/2ff6d_next_dist_bc817883._.js:2297
[  811025ms] [LOG] 💾 Proposal data auto-saved @ http://localhost:3000/_next/static/chunks/2ff6d_next_dist_bc817883._.js:2297
[  812143ms] [LOG] 💾 Form data auto-saved @ http://localhost:3000/_next/static/chunks/2ff6d_next_dist_bc817883._.js:2297
[  816025ms] [LOG] 💾 Proposal data auto-saved @ http://localhost:3000/_next/static/chunks/2ff6d_next_dist_bc817883._.js:2297
[  817143ms] [LOG] 💾 Form data auto-saved @ http://localhost:3000/_next/static/chunks/2ff6d_next_dist_bc817883._.js:2297
[  821025ms] [LOG] 💾 Proposal data auto-saved @ http://localhost:3000/_next/static/chunks/2ff6d_next_dist_bc817883._.js:2297
[  822143ms] [LOG] 💾 Form data auto-saved @ http://localhost:3000/_next/static/chunks/2ff6d_next_dist_bc817883._.js:2297
[  826025ms] [LOG] 💾 Proposal data auto-saved @ http://localhost:3000/_next/static/chunks/2ff6d_next_dist_bc817883._.js:2297
[  827143ms] [LOG] 💾 Form data auto-saved @ http://localhost:3000/_next/static/chunks/2ff6d_next_dist_bc817883._.js:2297
[  831025ms] [LOG] 💾 Proposal data auto-saved @ http://localhost:3000/_next/static/chunks/2ff6d_next_dist_bc817883._.js:2297
[  832143ms] [LOG] 💾 Form data auto-saved @ http://localhost:3000/_next/static/chunks/2ff6d_next_dist_bc817883._.js:2297
[  836025ms] [LOG] 💾 Proposal data auto-saved @ http://localhost:3000/_next/static/chunks/2ff6d_next_dist_bc817883._.js:2297
[  837143ms] [LOG] 💾 Form data auto-saved @ http://localhost:3000/_next/static/chunks/2ff6d_next_dist_bc817883._.js:2297
[  841025ms] [LOG] 💾 Proposal data auto-saved @ http://localhost:3000/_next/static/chunks/2ff6d_next_dist_bc817883._.js:2297
[  842146ms] [LOG] 💾 Form data auto-saved @ http://localhost:3000/_next/static/chunks/2ff6d_next_dist_bc817883._.js:2297
[  846025ms] [LOG] 💾 Proposal data auto-saved @ http://localhost:3000/_next/static/chunks/2ff6d_next_dist_bc817883._.js:2297
[  847143ms] [LOG] 💾 Form data auto-saved @ http://localhost:3000/_next/static/chunks/2ff6d_next_dist_bc817883._.js:2297
[  851025ms] [LOG] 💾 Proposal data auto-saved @ http://localhost:3000/_next/static/chunks/2ff6d_next_dist_bc817883._.js:2297
[  852143ms] [LOG] 💾 Form data auto-saved @ http://localhost:3000/_next/static/chunks/2ff6d_next_dist_bc817883._.js:2297
[  856025ms] [LOG] 💾 Proposal data auto-saved @ http://localhost:3000/_next/static/chunks/2ff6d_next_dist_bc817883._.js:2297
[  857143ms] [LOG] 💾 Form data auto-saved @ http://localhost:3000/_next/static/chunks/2ff6d_next_dist_bc817883._.js:2297
[  861025ms] [LOG] 💾 Proposal data auto-saved @ http://localhost:3000/_next/static/chunks/2ff6d_next_dist_bc817883._.js:2297
[  862145ms] [LOG] 💾 Form data auto-saved @ http://localhost:3000/_next/static/chunks/2ff6d_next_dist_bc817883._.js:2297
[  866025ms] [LOG] 💾 Proposal data auto-saved @ http://localhost:3000/_next/static/chunks/2ff6d_next_dist_bc817883._.js:2297
[  867144ms] [LOG] 💾 Form data auto-saved @ http://localhost:3000/_next/static/chunks/2ff6d_next_dist_bc817883._.js:2297
[  871025ms] [LOG] 💾 Proposal data auto-saved @ http://localhost:3000/_next/static/chunks/2ff6d_next_dist_bc817883._.js:2297
[  872143ms] [LOG] 💾 Form data auto-saved @ http://localhost:3000/_next/static/chunks/2ff6d_next_dist_bc817883._.js:2297
[  876025ms] [LOG] 💾 Proposal data auto-saved @ http://localhost:3000/_next/static/chunks/2ff6d_next_dist_bc817883._.js:2297
[  877143ms] [LOG] 💾 Form data auto-saved @ http://localhost:3000/_next/static/chunks/2ff6d_next_dist_bc817883._.js:2297
[  881025ms] [LOG] 💾 Proposal data auto-saved @ http://localhost:3000/_next/static/chunks/2ff6d_next_dist_bc817883._.js:2297
[  882143ms] [LOG] 💾 Form data auto-saved @ http://localhost:3000/_next/static/chunks/2ff6d_next_dist_bc817883._.js:2297
[  886025ms] [LOG] 💾 Proposal data auto-saved @ http://localhost:3000/_next/static/chunks/2ff6d_next_dist_bc817883._.js:2297
[  887143ms] [LOG] 💾 Form data auto-saved @ http://localhost:3000/_next/static/chunks/2ff6d_next_dist_bc817883._.js:2297
[  891025ms] [LOG] 💾 Proposal data auto-saved @ http://localhost:3000/_next/static/chunks/2ff6d_next_dist_bc817883._.js:2297
[  892143ms] [LOG] 💾 Form data auto-saved @ http://localhost:3000/_next/static/chunks/2ff6d_next_dist_bc817883._.js:2297
[  896025ms] [LOG] 💾 Proposal data auto-saved @ http://localhost:3000/_next/static/chunks/2ff6d_next_dist_bc817883._.js:2297
[  897143ms] [LOG] 💾 Form data auto-saved @ http://localhost:3000/_next/static/chunks/2ff6d_next_dist_bc817883._.js:2297
[  901025ms] [LOG] 💾 Proposal data auto-saved @ http://localhost:3000/_next/static/chunks/2ff6d_next_dist_bc817883._.js:2297
[  902143ms] [LOG] 💾 Form data auto-saved @ http://localhost:3000/_next/static/chunks/2ff6d_next_dist_bc817883._.js:2297
[  906025ms] [LOG] 💾 Proposal data auto-saved @ http://localhost:3000/_next/static/chunks/2ff6d_next_dist_bc817883._.js:2297
[  907143ms] [LOG] 💾 Form data auto-saved @ http://localhost:3000/_next/static/chunks/2ff6d_next_dist_bc817883._.js:2297
[  911025ms] [LOG] 💾 Proposal data auto-saved @ http://localhost:3000/_next/static/chunks/2ff6d_next_dist_bc817883._.js:2297
[  912144ms] [LOG] 💾 Form data auto-saved @ http://localhost:3000/_next/static/chunks/2ff6d_next_dist_bc817883._.js:2297
[  916025ms] [LOG] 💾 Proposal data auto-saved @ http://localhost:3000/_next/static/chunks/2ff6d_next_dist_bc817883._.js:2297
[  917143ms] [LOG] 💾 Form data auto-saved @ http://localhost:3000/_next/static/chunks/2ff6d_next_dist_bc817883._.js:2297
[  921025ms] [LOG] 💾 Proposal data auto-saved @ http://localhost:3000/_next/static/chunks/2ff6d_next_dist_bc817883._.js:2297
[  922143ms] [LOG] 💾 Form data auto-saved @ http://localhost:3000/_next/static/chunks/2ff6d_next_dist_bc817883._.js:2297
[  926025ms] [LOG] 💾 Proposal data auto-saved @ http://localhost:3000/_next/static/chunks/2ff6d_next_dist_bc817883._.js:2297
[  927144ms] [LOG] 💾 Form data auto-saved @ http://localhost:3000/_next/static/chunks/2ff6d_next_dist_bc817883._.js:2297
[  931025ms] [LOG] 💾 Proposal data auto-saved @ http://localhost:3000/_next/static/chunks/2ff6d_next_dist_bc817883._.js:2297
[  932143ms] [LOG] 💾 Form data auto-saved @ http://localhost:3000/_next/static/chunks/2ff6d_next_dist_bc817883._.js:2297
[  936025ms] [LOG] 💾 Proposal data auto-saved @ http://localhost:3000/_next/static/chunks/2ff6d_next_dist_bc817883._.js:2297
[  937143ms] [LOG] 💾 Form data auto-saved @ http://localhost:3000/_next/static/chunks/2ff6d_next_dist_bc817883._.js:2297
[  941025ms] [LOG] 💾 Proposal data auto-saved @ http://localhost:3000/_next/static/chunks/2ff6d_next_dist_bc817883._.js:2297
[  942143ms] [LOG] 💾 Form data auto-saved @ http://localhost:3000/_next/static/chunks/2ff6d_next_dist_bc817883._.js:2297
[  946025ms] [LOG] 💾 Proposal data auto-saved @ http://localhost:3000/_next/static/chunks/2ff6d_next_dist_bc817883._.js:2297
[  947143ms] [LOG] 💾 Form data auto-saved @ http://localhost:3000/_next/static/chunks/2ff6d_next_dist_bc817883._.js:2297
[  951025ms] [LOG] 💾 Proposal data auto-saved @ http://localhost:3000/_next/static/chunks/2ff6d_next_dist_bc817883._.js:2297
[  952143ms] [LOG] 💾 Form data auto-saved @ http://localhost:3000/_next/static/chunks/2ff6d_next_dist_bc817883._.js:2297
[  956025ms] [LOG] 💾 Proposal data auto-saved @ http://localhost:3000/_next/static/chunks/2ff6d_next_dist_bc817883._.js:2297
[  957143ms] [LOG] 💾 Form data auto-saved @ http://localhost:3000/_next/static/chunks/2ff6d_next_dist_bc817883._.js:2297
[  961026ms] [LOG] 💾 Proposal data auto-saved @ http://localhost:3000/_next/static/chunks/2ff6d_next_dist_bc817883._.js:2297
[  962143ms] [LOG] 💾 Form data auto-saved @ http://localhost:3000/_next/static/chunks/2ff6d_next_dist_bc817883._.js:2297
[  966025ms] [LOG] 💾 Proposal data auto-saved @ http://localhost:3000/_next/static/chunks/2ff6d_next_dist_bc817883._.js:2297
[  967143ms] [LOG] 💾 Form data auto-saved @ http://localhost:3000/_next/static/chunks/2ff6d_next_dist_bc817883._.js:2297
[  971025ms] [LOG] 💾 Proposal data auto-saved @ http://localhost:3000/_next/static/chunks/2ff6d_next_dist_bc817883._.js:2297
[  972143ms] [LOG] 💾 Form data auto-saved @ http://localhost:3000/_next/static/chunks/2ff6d_next_dist_bc817883._.js:2297
[  976026ms] [LOG] 💾 Proposal data auto-saved @ http://localhost:3000/_next/static/chunks/2ff6d_next_dist_bc817883._.js:2297
[  977143ms] [LOG] 💾 Form data auto-saved @ http://localhost:3000/_next/static/chunks/2ff6d_next_dist_bc817883._.js:2297
[  981025ms] [LOG] 💾 Proposal data auto-saved @ http://localhost:3000/_next/static/chunks/2ff6d_next_dist_bc817883._.js:2297
[  982144ms] [LOG] 💾 Form data auto-saved @ http://localhost:3000/_next/static/chunks/2ff6d_next_dist_bc817883._.js:2297
[  986025ms] [LOG] 💾 Proposal data auto-saved @ http://localhost:3000/_next/static/chunks/2ff6d_next_dist_bc817883._.js:2297
[  987143ms] [LOG] 💾 Form data auto-saved @ http://localhost:3000/_next/static/chunks/2ff6d_next_dist_bc817883._.js:2297
[  991026ms] [LOG] 💾 Proposal data auto-saved @ http://localhost:3000/_next/static/chunks/2ff6d_next_dist_bc817883._.js:2297
[  992143ms] [LOG] 💾 Form data auto-saved @ http://localhost:3000/_next/static/chunks/2ff6d_next_dist_bc817883._.js:2297
[  996025ms] [LOG] 💾 Proposal data auto-saved @ http://localhost:3000/_next/static/chunks/2ff6d_next_dist_bc817883._.js:2297
[  997144ms] [LOG] 💾 Form data auto-saved @ http://localhost:3000/_next/static/chunks/2ff6d_next_dist_bc817883._.js:2297
[ 1001025ms] [LOG] 💾 Proposal data auto-saved @ http://localhost:3000/_next/static/chunks/2ff6d_next_dist_bc817883._.js:2297
[ 1002144ms] [LOG] 💾 Form data auto-saved @ http://localhost:3000/_next/static/chunks/2ff6d_next_dist_bc817883._.js:2297
[ 1006025ms] [LOG] 💾 Proposal data auto-saved @ http://localhost:3000/_next/static/chunks/2ff6d_next_dist_bc817883._.js:2297
[ 1007143ms] [LOG] 💾 Form data auto-saved @ http://localhost:3000/_next/static/chunks/2ff6d_next_dist_bc817883._.js:2297
[ 1011025ms] [LOG] 💾 Proposal data auto-saved @ http://localhost:3000/_next/static/chunks/2ff6d_next_dist_bc817883._.js:2297
[ 1012143ms] [LOG] 💾 Form data auto-saved @ http://localhost:3000/_next/static/chunks/2ff6d_next_dist_bc817883._.js:2297
[ 1016025ms] [LOG] 💾 Proposal data auto-saved @ http://localhost:3000/_next/static/chunks/2ff6d_next_dist_bc817883._.js:2297
[ 1017145ms] [LOG] 💾 Form data auto-saved @ http://localhost:3000/_next/static/chunks/2ff6d_next_dist_bc817883._.js:2297
[ 1021025ms] [LOG] 💾 Proposal data auto-saved @ http://localhost:3000/_next/static/chunks/2ff6d_next_dist_bc817883._.js:2297
[ 1022144ms] [LOG] 💾 Form data auto-saved @ http://localhost:3000/_next/static/chunks/2ff6d_next_dist_bc817883._.js:2297
[ 1026025ms] [LOG] 💾 Proposal data auto-saved @ http://localhost:3000/_next/static/chunks/2ff6d_next_dist_bc817883._.js:2297
[ 1027143ms] [LOG] 💾 Form data auto-saved @ http://localhost:3000/_next/static/chunks/2ff6d_next_dist_bc817883._.js:2297
[ 1031026ms] [LOG] 💾 Proposal data auto-saved @ http://localhost:3000/_next/static/chunks/2ff6d_next_dist_bc817883._.js:2297
[ 1032144ms] [LOG] 💾 Form data auto-saved @ http://localhost:3000/_next/static/chunks/2ff6d_next_dist_bc817883._.js:2297
[ 1036025ms] [LOG] 💾 Proposal data auto-saved @ http://localhost:3000/_next/static/chunks/2ff6d_next_dist_bc817883._.js:2297
[ 1037143ms] [LOG] 💾 Form data auto-saved @ http://localhost:3000/_next/static/chunks/2ff6d_next_dist_bc817883._.js:2297
[ 1041025ms] [LOG] 💾 Proposal data auto-saved @ http://localhost:3000/_next/static/chunks/2ff6d_next_dist_bc817883._.js:2297
[ 1042143ms] [LOG] 💾 Form data auto-saved @ http://localhost:3000/_next/static/chunks/2ff6d_next_dist_bc817883._.js:2297
[ 1046025ms] [LOG] 💾 Proposal data auto-saved @ http://localhost:3000/_next/static/chunks/2ff6d_next_dist_bc817883._.js:2297
[ 1047143ms] [LOG] 💾 Form data auto-saved @ http://localhost:3000/_next/static/chunks/2ff6d_next_dist_bc817883._.js:2297
[ 1051025ms] [LOG] 💾 Proposal data auto-saved @ http://localhost:3000/_next/static/chunks/2ff6d_next_dist_bc817883._.js:2297
[ 1052143ms] [LOG] 💾 Form data auto-saved @ http://localhost:3000/_next/static/chunks/2ff6d_next_dist_bc817883._.js:2297
[ 1056025ms] [LOG] 💾 Proposal data auto-saved @ http://localhost:3000/_next/static/chunks/2ff6d_next_dist_bc817883._.js:2297
[ 1057146ms] [LOG] 💾 Form data auto-saved @ http://localhost:3000/_next/static/chunks/2ff6d_next_dist_bc817883._.js:2297
[ 1061026ms] [LOG] 💾 Proposal data auto-saved @ http://localhost:3000/_next/static/chunks/2ff6d_next_dist_bc817883._.js:2297
[ 1062143ms] [LOG] 💾 Form data auto-saved @ http://localhost:3000/_next/static/chunks/2ff6d_next_dist_bc817883._.js:2297
[ 1066025ms] [LOG] 💾 Proposal data auto-saved @ http://localhost:3000/_next/static/chunks/2ff6d_next_dist_bc817883._.js:2297
[ 1067143ms] [LOG] 💾 Form data auto-saved @ http://localhost:3000/_next/static/chunks/2ff6d_next_dist_bc817883._.js:2297
[ 1071025ms] [LOG] 💾 Proposal data auto-saved @ http://localhost:3000/_next/static/chunks/2ff6d_next_dist_bc817883._.js:2297
[ 1072143ms] [LOG] 💾 Form data auto-saved @ http://localhost:3000/_next/static/chunks/2ff6d_next_dist_bc817883._.js:2297
[ 1076025ms] [LOG] 💾 Proposal data auto-saved @ http://localhost:3000/_next/static/chunks/2ff6d_next_dist_bc817883._.js:2297
[ 1077143ms] [LOG] 💾 Form data auto-saved @ http://localhost:3000/_next/static/chunks/2ff6d_next_dist_bc817883._.js:2297
[ 1081025ms] [LOG] 💾 Proposal data auto-saved @ http://localhost:3000/_next/static/chunks/2ff6d_next_dist_bc817883._.js:2297
[ 1082144ms] [LOG] 💾 Form data auto-saved @ http://localhost:3000/_next/static/chunks/2ff6d_next_dist_bc817883._.js:2297
[ 1086025ms] [LOG] 💾 Proposal data auto-saved @ http://localhost:3000/_next/static/chunks/2ff6d_next_dist_bc817883._.js:2297
[ 1087143ms] [LOG] 💾 Form data auto-saved @ http://localhost:3000/_next/static/chunks/2ff6d_next_dist_bc817883._.js:2297
[ 1091025ms] [LOG] 💾 Proposal data auto-saved @ http://localhost:3000/_next/static/chunks/2ff6d_next_dist_bc817883._.js:2297
[ 1092143ms] [LOG] 💾 Form data auto-saved @ http://localhost:3000/_next/static/chunks/2ff6d_next_dist_bc817883._.js:2297
[ 1096025ms] [LOG] 💾 Proposal data auto-saved @ http://localhost:3000/_next/static/chunks/2ff6d_next_dist_bc817883._.js:2297
[ 1097143ms] [LOG] 💾 Form data auto-saved @ http://localhost:3000/_next/static/chunks/2ff6d_next_dist_bc817883._.js:2297
[ 1101025ms] [LOG] 💾 Proposal data auto-saved @ http://localhost:3000/_next/static/chunks/2ff6d_next_dist_bc817883._.js:2297
[ 1102143ms] [LOG] 💾 Form data auto-saved @ http://localhost:3000/_next/static/chunks/2ff6d_next_dist_bc817883._.js:2297
[ 1106025ms] [LOG] 💾 Proposal data auto-saved @ http://localhost:3000/_next/static/chunks/2ff6d_next_dist_bc817883._.js:2297
[ 1107143ms] [LOG] 💾 Form data auto-saved @ http://localhost:3000/_next/static/chunks/2ff6d_next_dist_bc817883._.js:2297
[ 1111025ms] [LOG] 💾 Proposal data auto-saved @ http://localhost:3000/_next/static/chunks/2ff6d_next_dist_bc817883._.js:2297
[ 1112143ms] [LOG] 💾 Form data auto-saved @ http://localhost:3000/_next/static/chunks/2ff6d_next_dist_bc817883._.js:2297
[ 1116025ms] [LOG] 💾 Proposal data auto-saved @ http://localhost:3000/_next/static/chunks/2ff6d_next_dist_bc817883._.js:2297
[ 1117144ms] [LOG] 💾 Form data auto-saved @ http://localhost:3000/_next/static/chunks/2ff6d_next_dist_bc817883._.js:2297
[ 1121025ms] [LOG] 💾 Proposal data auto-saved @ http://localhost:3000/_next/static/chunks/2ff6d_next_dist_bc817883._.js:2297
[ 1122143ms] [LOG] 💾 Form data auto-saved @ http://localhost:3000/_next/static/chunks/2ff6d_next_dist_bc817883._.js:2297
[ 1126025ms] [LOG] 💾 Proposal data auto-saved @ http://localhost:3000/_next/static/chunks/2ff6d_next_dist_bc817883._.js:2297
[ 1127143ms] [LOG] 💾 Form data auto-saved @ http://localhost:3000/_next/static/chunks/2ff6d_next_dist_bc817883._.js:2297
[ 1131025ms] [LOG] 💾 Proposal data auto-saved @ http://localhost:3000/_next/static/chunks/2ff6d_next_dist_bc817883._.js:2297
[ 1132143ms] [LOG] 💾 Form data auto-saved @ http://localhost:3000/_next/static/chunks/2ff6d_next_dist_bc817883._.js:2297
[ 1136025ms] [LOG] 💾 Proposal data auto-saved @ http://localhost:3000/_next/static/chunks/2ff6d_next_dist_bc817883._.js:2297
[ 1137143ms] [LOG] 💾 Form data auto-saved @ http://localhost:3000/_next/static/chunks/2ff6d_next_dist_bc817883._.js:2297
[ 1141025ms] [LOG] 💾 Proposal data auto-saved @ http://localhost:3000/_next/static/chunks/2ff6d_next_dist_bc817883._.js:2297
[ 1142144ms] [LOG] 💾 Form data auto-saved @ http://localhost:3000/_next/static/chunks/2ff6d_next_dist_bc817883._.js:2297
[ 1146025ms] [LOG] 💾 Proposal data auto-saved @ http://localhost:3000/_next/static/chunks/2ff6d_next_dist_bc817883._.js:2297
[ 1147144ms] [LOG] 💾 Form data auto-saved @ http://localhost:3000/_next/static/chunks/2ff6d_next_dist_bc817883._.js:2297
[ 1151025ms] [LOG] 💾 Proposal data auto-saved @ http://localhost:3000/_next/static/chunks/2ff6d_next_dist_bc817883._.js:2297
[ 1152143ms] [LOG] 💾 Form data auto-saved @ http://localhost:3000/_next/static/chunks/2ff6d_next_dist_bc817883._.js:2297
[ 1156025ms] [LOG] 💾 Proposal data auto-saved @ http://localhost:3000/_next/static/chunks/2ff6d_next_dist_bc817883._.js:2297
[ 1157143ms] [LOG] 💾 Form data auto-saved @ http://localhost:3000/_next/static/chunks/2ff6d_next_dist_bc817883._.js:2297
[ 1161025ms] [LOG] 💾 Proposal data auto-saved @ http://localhost:3000/_next/static/chunks/2ff6d_next_dist_bc817883._.js:2297
[ 1162143ms] [LOG] 💾 Form data auto-saved @ http://localhost:3000/_next/static/chunks/2ff6d_next_dist_bc817883._.js:2297
[ 1166025ms] [LOG] 💾 Proposal data auto-saved @ http://localhost:3000/_next/static/chunks/2ff6d_next_dist_bc817883._.js:2297
[ 1167143ms] [LOG] 💾 Form data auto-saved @ http://localhost:3000/_next/static/chunks/2ff6d_next_dist_bc817883._.js:2297
[ 1171025ms] [LOG] 💾 Proposal data auto-saved @ http://localhost:3000/_next/static/chunks/2ff6d_next_dist_bc817883._.js:2297
[ 1172144ms] [LOG] 💾 Form data auto-saved @ http://localhost:3000/_next/static/chunks/2ff6d_next_dist_bc817883._.js:2297
[ 1176025ms] [LOG] 💾 Proposal data auto-saved @ http://localhost:3000/_next/static/chunks/2ff6d_next_dist_bc817883._.js:2297
[ 1177144ms] [LOG] 💾 Form data auto-saved @ http://localhost:3000/_next/static/chunks/2ff6d_next_dist_bc817883._.js:2297
[ 1181025ms] [LOG] 💾 Proposal data auto-saved @ http://localhost:3000/_next/static/chunks/2ff6d_next_dist_bc817883._.js:2297
[ 1182143ms] [LOG] 💾 Form data auto-saved @ http://localhost:3000/_next/static/chunks/2ff6d_next_dist_bc817883._.js:2297
[ 1186025ms] [LOG] 💾 Proposal data auto-saved @ http://localhost:3000/_next/static/chunks/2ff6d_next_dist_bc817883._.js:2297
[ 1187144ms] [LOG] 💾 Form data auto-saved @ http://localhost:3000/_next/static/chunks/2ff6d_next_dist_bc817883._.js:2297
[ 1191025ms] [LOG] 💾 Proposal data auto-saved @ http://localhost:3000/_next/static/chunks/2ff6d_next_dist_bc817883._.js:2297
[ 1192143ms] [LOG] 💾 Form data auto-saved @ http://localhost:3000/_next/static/chunks/2ff6d_next_dist_bc817883._.js:2297
[ 1196025ms] [LOG] 💾 Proposal data auto-saved @ http://localhost:3000/_next/static/chunks/2ff6d_next_dist_bc817883._.js:2297
[ 1197143ms] [LOG] 💾 Form data auto-saved @ http://localhost:3000/_next/static/chunks/2ff6d_next_dist_bc817883._.js:2297
[ 1201026ms] [LOG] 💾 Proposal data auto-saved @ http://localhost:3000/_next/static/chunks/2ff6d_next_dist_bc817883._.js:2297
[ 1202143ms] [LOG] 💾 Form data auto-saved @ http://localhost:3000/_next/static/chunks/2ff6d_next_dist_bc817883._.js:2297
[ 1206025ms] [LOG] 💾 Proposal data auto-saved @ http://localhost:3000/_next/static/chunks/2ff6d_next_dist_bc817883._.js:2297
[ 1207145ms] [LOG] 💾 Form data auto-saved @ http://localhost:3000/_next/static/chunks/2ff6d_next_dist_bc817883._.js:2297
[ 1211025ms] [LOG] 💾 Proposal data auto-saved @ http://localhost:3000/_next/static/chunks/2ff6d_next_dist_bc817883._.js:2297
[ 1212143ms] [LOG] 💾 Form data auto-saved @ http://localhost:3000/_next/static/chunks/2ff6d_next_dist_bc817883._.js:2297
[ 1216025ms] [LOG] 💾 Proposal data auto-saved @ http://localhost:3000/_next/static/chunks/2ff6d_next_dist_bc817883._.js:2297
[ 1217150ms] [LOG] 💾 Form data auto-saved @ http://localhost:3000/_next/static/chunks/2ff6d_next_dist_bc817883._.js:2297
[ 1221026ms] [LOG] 💾 Proposal data auto-saved @ http://localhost:3000/_next/static/chunks/2ff6d_next_dist_bc817883._.js:2297
[ 1222150ms] [LOG] 💾 Form data auto-saved @ http://localhost:3000/_next/static/chunks/2ff6d_next_dist_bc817883._.js:2297
[ 1226025ms] [LOG] 💾 Proposal data auto-saved @ http://localhost:3000/_next/static/chunks/2ff6d_next_dist_bc817883._.js:2297
[ 1227143ms] [LOG] 💾 Form data auto-saved @ http://localhost:3000/_next/static/chunks/2ff6d_next_dist_bc817883._.js:2297
[ 1231025ms] [LOG] 💾 Proposal data auto-saved @ http://localhost:3000/_next/static/chunks/2ff6d_next_dist_bc817883._.js:2297
[ 1232143ms] [LOG] 💾 Form data auto-saved @ http://localhost:3000/_next/static/chunks/2ff6d_next_dist_bc817883._.js:2297
[ 1236035ms] [LOG] 💾 Proposal data auto-saved @ http://localhost:3000/_next/static/chunks/2ff6d_next_dist_bc817883._.js:2297
[ 1237144ms] [LOG] 💾 Form data auto-saved @ http://localhost:3000/_next/static/chunks/2ff6d_next_dist_bc817883._.js:2297
[ 1241025ms] [LOG] 💾 Proposal data auto-saved @ http://localhost:3000/_next/static/chunks/2ff6d_next_dist_bc817883._.js:2297
[ 1242149ms] [LOG] 💾 Form data auto-saved @ http://localhost:3000/_next/static/chunks/2ff6d_next_dist_bc817883._.js:2297
[ 1246025ms] [LOG] 💾 Proposal data auto-saved @ http://localhost:3000/_next/static/chunks/2ff6d_next_dist_bc817883._.js:2297
[ 1247145ms] [LOG] 💾 Form data auto-saved @ http://localhost:3000/_next/static/chunks/2ff6d_next_dist_bc817883._.js:2297
[ 1251025ms] [LOG] 💾 Proposal data auto-saved @ http://localhost:3000/_next/static/chunks/2ff6d_next_dist_bc817883._.js:2297
[ 1252143ms] [LOG] 💾 Form data auto-saved @ http://localhost:3000/_next/static/chunks/2ff6d_next_dist_bc817883._.js:2297
[ 1256025ms] [LOG] 💾 Proposal data auto-saved @ http://localhost:3000/_next/static/chunks/2ff6d_next_dist_bc817883._.js:2297
[ 1257143ms] [LOG] 💾 Form data auto-saved @ http://localhost:3000/_next/static/chunks/2ff6d_next_dist_bc817883._.js:2297
[ 1261025ms] [LOG] 💾 Proposal data auto-saved @ http://localhost:3000/_next/static/chunks/2ff6d_next_dist_bc817883._.js:2297
[ 1262145ms] [LOG] 💾 Form data auto-saved @ http://localhost:3000/_next/static/chunks/2ff6d_next_dist_bc817883._.js:2297
[ 1266025ms] [LOG] 💾 Proposal data auto-saved @ http://localhost:3000/_next/static/chunks/2ff6d_next_dist_bc817883._.js:2297
[ 1267144ms] [LOG] 💾 Form data auto-saved @ http://localhost:3000/_next/static/chunks/2ff6d_next_dist_bc817883._.js:2297
[ 1271025ms] [LOG] 💾 Proposal data auto-saved @ http://localhost:3000/_next/static/chunks/2ff6d_next_dist_bc817883._.js:2297
[ 1272145ms] [LOG] 💾 Form data auto-saved @ http://localhost:3000/_next/static/chunks/2ff6d_next_dist_bc817883._.js:2297
[ 1276025ms] [LOG] 💾 Proposal data auto-saved @ http://localhost:3000/_next/static/chunks/2ff6d_next_dist_bc817883._.js:2297
[ 1277144ms] [LOG] 💾 Form data auto-saved @ http://localhost:3000/_next/static/chunks/2ff6d_next_dist_bc817883._.js:2297
[ 1281026ms] [LOG] 💾 Proposal data auto-saved @ http://localhost:3000/_next/static/chunks/2ff6d_next_dist_bc817883._.js:2297
[ 1282143ms] [LOG] 💾 Form data auto-saved @ http://localhost:3000/_next/static/chunks/2ff6d_next_dist_bc817883._.js:2297
[ 1286025ms] [LOG] 💾 Proposal data auto-saved @ http://localhost:3000/_next/static/chunks/2ff6d_next_dist_bc817883._.js:2297
[ 1287144ms] [LOG] 💾 Form data auto-saved @ http://localhost:3000/_next/static/chunks/2ff6d_next_dist_bc817883._.js:2297
[ 1291025ms] [LOG] 💾 Proposal data auto-saved @ http://localhost:3000/_next/static/chunks/2ff6d_next_dist_bc817883._.js:2297
[ 1292144ms] [LOG] 💾 Form data auto-saved @ http://localhost:3000/_next/static/chunks/2ff6d_next_dist_bc817883._.js:2297
[ 1296025ms] [LOG] 💾 Proposal data auto-saved @ http://localhost:3000/_next/static/chunks/2ff6d_next_dist_bc817883._.js:2297
[ 1297144ms] [LOG] 💾 Form data auto-saved @ http://localhost:3000/_next/static/chunks/2ff6d_next_dist_bc817883._.js:2297
[ 1301026ms] [LOG] 💾 Proposal data auto-saved @ http://localhost:3000/_next/static/chunks/2ff6d_next_dist_bc817883._.js:2297
[ 1302144ms] [LOG] 💾 Form data auto-saved @ http://localhost:3000/_next/static/chunks/2ff6d_next_dist_bc817883._.js:2297
[ 1306025ms] [LOG] 💾 Proposal data auto-saved @ http://localhost:3000/_next/static/chunks/2ff6d_next_dist_bc817883._.js:2297
[ 1307144ms] [LOG] 💾 Form data auto-saved @ http://localhost:3000/_next/static/chunks/2ff6d_next_dist_bc817883._.js:2297
[ 1311025ms] [LOG] 💾 Proposal data auto-saved @ http://localhost:3000/_next/static/chunks/2ff6d_next_dist_bc817883._.js:2297
[ 1312143ms] [LOG] 💾 Form data auto-saved @ http://localhost:3000/_next/static/chunks/2ff6d_next_dist_bc817883._.js:2297
[ 1316025ms] [LOG] 💾 Proposal data auto-saved @ http://localhost:3000/_next/static/chunks/2ff6d_next_dist_bc817883._.js:2297
[ 1317144ms] [LOG] 💾 Form data auto-saved @ http://localhost:3000/_next/static/chunks/2ff6d_next_dist_bc817883._.js:2297
[ 1321025ms] [LOG] 💾 Proposal data auto-saved @ http://localhost:3000/_next/static/chunks/2ff6d_next_dist_bc817883._.js:2297
[ 1322144ms] [LOG] 💾 Form data auto-saved @ http://localhost:3000/_next/static/chunks/2ff6d_next_dist_bc817883._.js:2297
[ 1326025ms] [LOG] 💾 Proposal data auto-saved @ http://localhost:3000/_next/static/chunks/2ff6d_next_dist_bc817883._.js:2297
[ 1327143ms] [LOG] 💾 Form data auto-saved @ http://localhost:3000/_next/static/chunks/2ff6d_next_dist_bc817883._.js:2297
[ 1331025ms] [LOG] 💾 Proposal data auto-saved @ http://localhost:3000/_next/static/chunks/2ff6d_next_dist_bc817883._.js:2297
[ 1332143ms] [LOG] 💾 Form data auto-saved @ http://localhost:3000/_next/static/chunks/2ff6d_next_dist_bc817883._.js:2297
[ 1336025ms] [LOG] 💾 Proposal data auto-saved @ http://localhost:3000/_next/static/chunks/2ff6d_next_dist_bc817883._.js:2297
[ 1337143ms] [LOG] 💾 Form data auto-saved @ http://localhost:3000/_next/static/chunks/2ff6d_next_dist_bc817883._.js:2297
[ 1341026ms] [LOG] 💾 Proposal data auto-saved @ http://localhost:3000/_next/static/chunks/2ff6d_next_dist_bc817883._.js:2297
[ 1342144ms] [LOG] 💾 Form data auto-saved @ http://localhost:3000/_next/static/chunks/2ff6d_next_dist_bc817883._.js:2297
[ 1346025ms] [LOG] 💾 Proposal data auto-saved @ http://localhost:3000/_next/static/chunks/2ff6d_next_dist_bc817883._.js:2297
[ 1347144ms] [LOG] 💾 Form data auto-saved @ http://localhost:3000/_next/static/chunks/2ff6d_next_dist_bc817883._.js:2297
[ 1351025ms] [LOG] 💾 Proposal data auto-saved @ http://localhost:3000/_next/static/chunks/2ff6d_next_dist_bc817883._.js:2297
[ 1352145ms] [LOG] 💾 Form data auto-saved @ http://localhost:3000/_next/static/chunks/2ff6d_next_dist_bc817883._.js:2297
[ 1356025ms] [LOG] 💾 Proposal data auto-saved @ http://localhost:3000/_next/static/chunks/2ff6d_next_dist_bc817883._.js:2297
[ 1357144ms] [LOG] 💾 Form data auto-saved @ http://localhost:3000/_next/static/chunks/2ff6d_next_dist_bc817883._.js:2297
[ 1361025ms] [LOG] 💾 Proposal data auto-saved @ http://localhost:3000/_next/static/chunks/2ff6d_next_dist_bc817883._.js:2297
[ 1362144ms] [LOG] 💾 Form data auto-saved @ http://localhost:3000/_next/static/chunks/2ff6d_next_dist_bc817883._.js:2297
[ 1366025ms] [LOG] 💾 Proposal data auto-saved @ http://localhost:3000/_next/static/chunks/2ff6d_next_dist_bc817883._.js:2297
[ 1367143ms] [LOG] 💾 Form data auto-saved @ http://localhost:3000/_next/static/chunks/2ff6d_next_dist_bc817883._.js:2297
[ 1371025ms] [LOG] 💾 Proposal data auto-saved @ http://localhost:3000/_next/static/chunks/2ff6d_next_dist_bc817883._.js:2297
[ 1372143ms] [LOG] 💾 Form data auto-saved @ http://localhost:3000/_next/static/chunks/2ff6d_next_dist_bc817883._.js:2297
[ 1376025ms] [LOG] 💾 Proposal data auto-saved @ http://localhost:3000/_next/static/chunks/2ff6d_next_dist_bc817883._.js:2297
[ 1377143ms] [LOG] 💾 Form data auto-saved @ http://localhost:3000/_next/static/chunks/2ff6d_next_dist_bc817883._.js:2297
[ 1381025ms] [LOG] 💾 Proposal data auto-saved @ http://localhost:3000/_next/static/chunks/2ff6d_next_dist_bc817883._.js:2297
[ 1382144ms] [LOG] 💾 Form data auto-saved @ http://localhost:3000/_next/static/chunks/2ff6d_next_dist_bc817883._.js:2297
[ 1386025ms] [LOG] 💾 Proposal data auto-saved @ http://localhost:3000/_next/static/chunks/2ff6d_next_dist_bc817883._.js:2297
[ 1387144ms] [LOG] 💾 Form data auto-saved @ http://localhost:3000/_next/static/chunks/2ff6d_next_dist_bc817883._.js:2297
[ 1391025ms] [LOG] 💾 Proposal data auto-saved @ http://localhost:3000/_next/static/chunks/2ff6d_next_dist_bc817883._.js:2297
[ 1392143ms] [LOG] 💾 Form data auto-saved @ http://localhost:3000/_next/static/chunks/2ff6d_next_dist_bc817883._.js:2297
[ 1396025ms] [LOG] 💾 Proposal data auto-saved @ http://localhost:3000/_next/static/chunks/2ff6d_next_dist_bc817883._.js:2297
[ 1397145ms] [LOG] 💾 Form data auto-saved @ http://localhost:3000/_next/static/chunks/2ff6d_next_dist_bc817883._.js:2297
[ 1401025ms] [LOG] 💾 Proposal data auto-saved @ http://localhost:3000/_next/static/chunks/2ff6d_next_dist_bc817883._.js:2297
[ 1402144ms] [LOG] 💾 Form data auto-saved @ http://localhost:3000/_next/static/chunks/2ff6d_next_dist_bc817883._.js:2297
[ 1406025ms] [LOG] 💾 Proposal data auto-saved @ http://localhost:3000/_next/static/chunks/2ff6d_next_dist_bc817883._.js:2297
[ 1407143ms] [LOG] 💾 Form data auto-saved @ http://localhost:3000/_next/static/chunks/2ff6d_next_dist_bc817883._.js:2297
[ 1411025ms] [LOG] 💾 Proposal data auto-saved @ http://localhost:3000/_next/static/chunks/2ff6d_next_dist_bc817883._.js:2297
[ 1412144ms] [LOG] 💾 Form data auto-saved @ http://localhost:3000/_next/static/chunks/2ff6d_next_dist_bc817883._.js:2297
[ 1416025ms] [LOG] 💾 Proposal data auto-saved @ http://localhost:3000/_next/static/chunks/2ff6d_next_dist_bc817883._.js:2297
[ 1417143ms] [LOG] 💾 Form data auto-saved @ http://localhost:3000/_next/static/chunks/2ff6d_next_dist_bc817883._.js:2297
[ 1421025ms] [LOG] 💾 Proposal data auto-saved @ http://localhost:3000/_next/static/chunks/2ff6d_next_dist_bc817883._.js:2297
[ 1422144ms] [LOG] 💾 Form data auto-saved @ http://localhost:3000/_next/static/chunks/2ff6d_next_dist_bc817883._.js:2297
[ 1426025ms] [LOG] 💾 Proposal data auto-saved @ http://localhost:3000/_next/static/chunks/2ff6d_next_dist_bc817883._.js:2297
[ 1427143ms] [LOG] 💾 Form data auto-saved @ http://localhost:3000/_next/static/chunks/2ff6d_next_dist_bc817883._.js:2297
[ 1431025ms] [LOG] 💾 Proposal data auto-saved @ http://localhost:3000/_next/static/chunks/2ff6d_next_dist_bc817883._.js:2297
[ 1432143ms] [LOG] 💾 Form data auto-saved @ http://localhost:3000/_next/static/chunks/2ff6d_next_dist_bc817883._.js:2297
[ 1436025ms] [LOG] 💾 Proposal data auto-saved @ http://localhost:3000/_next/static/chunks/2ff6d_next_dist_bc817883._.js:2297
[ 1437144ms] [LOG] 💾 Form data auto-saved @ http://localhost:3000/_next/static/chunks/2ff6d_next_dist_bc817883._.js:2297
[ 1441026ms] [LOG] 💾 Proposal data auto-saved @ http://localhost:3000/_next/static/chunks/2ff6d_next_dist_bc817883._.js:2297
[ 1442144ms] [LOG] 💾 Form data auto-saved @ http://localhost:3000/_next/static/chunks/2ff6d_next_dist_bc817883._.js:2297
[ 1446025ms] [LOG] 💾 Proposal data auto-saved @ http://localhost:3000/_next/static/chunks/2ff6d_next_dist_bc817883._.js:2297
[ 1447143ms] [LOG] 💾 Form data auto-saved @ http://localhost:3000/_next/static/chunks/2ff6d_next_dist_bc817883._.js:2297
[ 1451025ms] [LOG] 💾 Proposal data auto-saved @ http://localhost:3000/_next/static/chunks/2ff6d_next_dist_bc817883._.js:2297
[ 1452143ms] [LOG] 💾 Form data auto-saved @ http://localhost:3000/_next/static/chunks/2ff6d_next_dist_bc817883._.js:2297
[ 1456025ms] [LOG] 💾 Proposal data auto-saved @ http://localhost:3000/_next/static/chunks/2ff6d_next_dist_bc817883._.js:2297
[ 1457143ms] [LOG] 💾 Form data auto-saved @ http://localhost:3000/_next/static/chunks/2ff6d_next_dist_bc817883._.js:2297
[ 1461026ms] [LOG] 💾 Proposal data auto-saved @ http://localhost:3000/_next/static/chunks/2ff6d_next_dist_bc817883._.js:2297
[ 1462144ms] [LOG] 💾 Form data auto-saved @ http://localhost:3000/_next/static/chunks/2ff6d_next_dist_bc817883._.js:2297
[ 1466025ms] [LOG] 💾 Proposal data auto-saved @ http://localhost:3000/_next/static/chunks/2ff6d_next_dist_bc817883._.js:2297
[ 1467143ms] [LOG] 💾 Form data auto-saved @ http://localhost:3000/_next/static/chunks/2ff6d_next_dist_bc817883._.js:2297
[ 1471025ms] [LOG] 💾 Proposal data auto-saved @ http://localhost:3000/_next/static/chunks/2ff6d_next_dist_bc817883._.js:2297
[ 1472143ms] [LOG] 💾 Form data auto-saved @ http://localhost:3000/_next/static/chunks/2ff6d_next_dist_bc817883._.js:2297
[ 1476025ms] [LOG] 💾 Proposal data auto-saved @ http://localhost:3000/_next/static/chunks/2ff6d_next_dist_bc817883._.js:2297
[ 1477143ms] [LOG] 💾 Form data auto-saved @ http://localhost:3000/_next/static/chunks/2ff6d_next_dist_bc817883._.js:2297
[ 1481025ms] [LOG] 💾 Proposal data auto-saved @ http://localhost:3000/_next/static/chunks/2ff6d_next_dist_bc817883._.js:2297
[ 1482144ms] [LOG] 💾 Form data auto-saved @ http://localhost:3000/_next/static/chunks/2ff6d_next_dist_bc817883._.js:2297
[ 1486025ms] [LOG] 💾 Proposal data auto-saved @ http://localhost:3000/_next/static/chunks/2ff6d_next_dist_bc817883._.js:2297
[ 1487143ms] [LOG] 💾 Form data auto-saved @ http://localhost:3000/_next/static/chunks/2ff6d_next_dist_bc817883._.js:2297
[ 1491025ms] [LOG] 💾 Proposal data auto-saved @ http://localhost:3000/_next/static/chunks/2ff6d_next_dist_bc817883._.js:2297
[ 1492143ms] [LOG] 💾 Form data auto-saved @ http://localhost:3000/_next/static/chunks/2ff6d_next_dist_bc817883._.js:2297
[ 1496025ms] [LOG] 💾 Proposal data auto-saved @ http://localhost:3000/_next/static/chunks/2ff6d_next_dist_bc817883._.js:2297
[ 1497144ms] [LOG] 💾 Form data auto-saved @ http://localhost:3000/_next/static/chunks/2ff6d_next_dist_bc817883._.js:2297
[ 1501025ms] [LOG] 💾 Proposal data auto-saved @ http://localhost:3000/_next/static/chunks/2ff6d_next_dist_bc817883._.js:2297
[ 1502144ms] [LOG] 💾 Form data auto-saved @ http://localhost:3000/_next/static/chunks/2ff6d_next_dist_bc817883._.js:2297
[ 1506025ms] [LOG] 💾 Proposal data auto-saved @ http://localhost:3000/_next/static/chunks/2ff6d_next_dist_bc817883._.js:2297
[ 1507143ms] [LOG] 💾 Form data auto-saved @ http://localhost:3000/_next/static/chunks/2ff6d_next_dist_bc817883._.js:2297
[ 1511025ms] [LOG] 💾 Proposal data auto-saved @ http://localhost:3000/_next/static/chunks/2ff6d_next_dist_bc817883._.js:2297
[ 1512144ms] [LOG] 💾 Form data auto-saved @ http://localhost:3000/_next/static/chunks/2ff6d_next_dist_bc817883._.js:2297
[ 1516025ms] [LOG] 💾 Proposal data auto-saved @ http://localhost:3000/_next/static/chunks/2ff6d_next_dist_bc817883._.js:2297
[ 1517143ms] [LOG] 💾 Form data auto-saved @ http://localhost:3000/_next/static/chunks/2ff6d_next_dist_bc817883._.js:2297
[ 1521026ms] [LOG] 💾 Proposal data auto-saved @ http://localhost:3000/_next/static/chunks/2ff6d_next_dist_bc817883._.js:2297
[ 1522143ms] [LOG] 💾 Form data auto-saved @ http://localhost:3000/_next/static/chunks/2ff6d_next_dist_bc817883._.js:2297
[ 1526025ms] [LOG] 💾 Proposal data auto-saved @ http://localhost:3000/_next/static/chunks/2ff6d_next_dist_bc817883._.js:2297
[ 1527143ms] [LOG] 💾 Form data auto-saved @ http://localhost:3000/_next/static/chunks/2ff6d_next_dist_bc817883._.js:2297
[ 1531025ms] [LOG] 💾 Proposal data auto-saved @ http://localhost:3000/_next/static/chunks/2ff6d_next_dist_bc817883._.js:2297
[ 1532143ms] [LOG] 💾 Form data auto-saved @ http://localhost:3000/_next/static/chunks/2ff6d_next_dist_bc817883._.js:2297
[ 1536025ms] [LOG] 💾 Proposal data auto-saved @ http://localhost:3000/_next/static/chunks/2ff6d_next_dist_bc817883._.js:2297
[ 1537144ms] [LOG] 💾 Form data auto-saved @ http://localhost:3000/_next/static/chunks/2ff6d_next_dist_bc817883._.js:2297
[ 1541026ms] [LOG] 💾 Proposal data auto-saved @ http://localhost:3000/_next/static/chunks/2ff6d_next_dist_bc817883._.js:2297
[ 1542145ms] [LOG] 💾 Form data auto-saved @ http://localhost:3000/_next/static/chunks/2ff6d_next_dist_bc817883._.js:2297
[ 1546025ms] [LOG] 💾 Proposal data auto-saved @ http://localhost:3000/_next/static/chunks/2ff6d_next_dist_bc817883._.js:2297
[ 1547143ms] [LOG] 💾 Form data auto-saved @ http://localhost:3000/_next/static/chunks/2ff6d_next_dist_bc817883._.js:2297
[ 1551025ms] [LOG] 💾 Proposal data auto-saved @ http://localhost:3000/_next/static/chunks/2ff6d_next_dist_bc817883._.js:2297
[ 1552145ms] [LOG] 💾 Form data auto-saved @ http://localhost:3000/_next/static/chunks/2ff6d_next_dist_bc817883._.js:2297
[ 1556025ms] [LOG] 💾 Proposal data auto-saved @ http://localhost:3000/_next/static/chunks/2ff6d_next_dist_bc817883._.js:2297
[ 1557143ms] [LOG] 💾 Form data auto-saved @ http://localhost:3000/_next/static/chunks/2ff6d_next_dist_bc817883._.js:2297
[ 1561025ms] [LOG] 💾 Proposal data auto-saved @ http://localhost:3000/_next/static/chunks/2ff6d_next_dist_bc817883._.js:2297
[ 1562144ms] [LOG] 💾 Form data auto-saved @ http://localhost:3000/_next/static/chunks/2ff6d_next_dist_bc817883._.js:2297
[ 1566025ms] [LOG] 💾 Proposal data auto-saved @ http://localhost:3000/_next/static/chunks/2ff6d_next_dist_bc817883._.js:2297
[ 1567143ms] [LOG] 💾 Form data auto-saved @ http://localhost:3000/_next/static/chunks/2ff6d_next_dist_bc817883._.js:2297
[ 1571025ms] [LOG] 💾 Proposal data auto-saved @ http://localhost:3000/_next/static/chunks/2ff6d_next_dist_bc817883._.js:2297
[ 1572143ms] [LOG] 💾 Form data auto-saved @ http://localhost:3000/_next/static/chunks/2ff6d_next_dist_bc817883._.js:2297
[ 1576025ms] [LOG] 💾 Proposal data auto-saved @ http://localhost:3000/_next/static/chunks/2ff6d_next_dist_bc817883._.js:2297
[ 1577144ms] [LOG] 💾 Form data auto-saved @ http://localhost:3000/_next/static/chunks/2ff6d_next_dist_bc817883._.js:2297
[ 1581025ms] [LOG] 💾 Proposal data auto-saved @ http://localhost:3000/_next/static/chunks/2ff6d_next_dist_bc817883._.js:2297
[ 1582144ms] [LOG] 💾 Form data auto-saved @ http://localhost:3000/_next/static/chunks/2ff6d_next_dist_bc817883._.js:2297
[ 1586025ms] [LOG] 💾 Proposal data auto-saved @ http://localhost:3000/_next/static/chunks/2ff6d_next_dist_bc817883._.js:2297
[ 1587144ms] [LOG] 💾 Form data auto-saved @ http://localhost:3000/_next/static/chunks/2ff6d_next_dist_bc817883._.js:2297
[ 1591025ms] [LOG] 💾 Proposal data auto-saved @ http://localhost:3000/_next/static/chunks/2ff6d_next_dist_bc817883._.js:2297
[ 1592144ms] [LOG] 💾 Form data auto-saved @ http://localhost:3000/_next/static/chunks/2ff6d_next_dist_bc817883._.js:2297
[ 1596025ms] [LOG] 💾 Proposal data auto-saved @ http://localhost:3000/_next/static/chunks/2ff6d_next_dist_bc817883._.js:2297
[ 1597143ms] [LOG] 💾 Form data auto-saved @ http://localhost:3000/_next/static/chunks/2ff6d_next_dist_bc817883._.js:2297
[ 1601026ms] [LOG] 💾 Proposal data auto-saved @ http://localhost:3000/_next/static/chunks/2ff6d_next_dist_bc817883._.js:2297
[ 1602144ms] [LOG] 💾 Form data auto-saved @ http://localhost:3000/_next/static/chunks/2ff6d_next_dist_bc817883._.js:2297
[ 1606025ms] [LOG] 💾 Proposal data auto-saved @ http://localhost:3000/_next/static/chunks/2ff6d_next_dist_bc817883._.js:2297
[ 1607144ms] [LOG] 💾 Form data auto-saved @ http://localhost:3000/_next/static/chunks/2ff6d_next_dist_bc817883._.js:2297
[ 1611025ms] [LOG] 💾 Proposal data auto-saved @ http://localhost:3000/_next/static/chunks/2ff6d_next_dist_bc817883._.js:2297
[ 1612144ms] [LOG] 💾 Form data auto-saved @ http://localhost:3000/_next/static/chunks/2ff6d_next_dist_bc817883._.js:2297
[ 1616025ms] [LOG] 💾 Proposal data auto-saved @ http://localhost:3000/_next/static/chunks/2ff6d_next_dist_bc817883._.js:2297
[ 1617144ms] [LOG] 💾 Form data auto-saved @ http://localhost:3000/_next/static/chunks/2ff6d_next_dist_bc817883._.js:2297
[ 1621026ms] [LOG] 💾 Proposal data auto-saved @ http://localhost:3000/_next/static/chunks/2ff6d_next_dist_bc817883._.js:2297
[ 1622143ms] [LOG] 💾 Form data auto-saved @ http://localhost:3000/_next/static/chunks/2ff6d_next_dist_bc817883._.js:2297
[ 1626025ms] [LOG] 💾 Proposal data auto-saved @ http://localhost:3000/_next/static/chunks/2ff6d_next_dist_bc817883._.js:2297
[ 1627144ms] [LOG] 💾 Form data auto-saved @ http://localhost:3000/_next/static/chunks/2ff6d_next_dist_bc817883._.js:2297
[ 1631025ms] [LOG] 💾 Proposal data auto-saved @ http://localhost:3000/_next/static/chunks/2ff6d_next_dist_bc817883._.js:2297
[ 1632143ms] [LOG] 💾 Form data auto-saved @ http://localhost:3000/_next/static/chunks/2ff6d_next_dist_bc817883._.js:2297
[ 1636025ms] [LOG] 💾 Proposal data auto-saved @ http://localhost:3000/_next/static/chunks/2ff6d_next_dist_bc817883._.js:2297
[ 1637143ms] [LOG] 💾 Form data auto-saved @ http://localhost:3000/_next/static/chunks/2ff6d_next_dist_bc817883._.js:2297
[ 1641025ms] [LOG] 💾 Proposal data auto-saved @ http://localhost:3000/_next/static/chunks/2ff6d_next_dist_bc817883._.js:2297
[ 1642145ms] [LOG] 💾 Form data auto-saved @ http://localhost:3000/_next/static/chunks/2ff6d_next_dist_bc817883._.js:2297
[ 1646025ms] [LOG] 💾 Proposal data auto-saved @ http://localhost:3000/_next/static/chunks/2ff6d_next_dist_bc817883._.js:2297
[ 1647144ms] [LOG] 💾 Form data auto-saved @ http://localhost:3000/_next/static/chunks/2ff6d_next_dist_bc817883._.js:2297
[ 1651025ms] [LOG] 💾 Proposal data auto-saved @ http://localhost:3000/_next/static/chunks/2ff6d_next_dist_bc817883._.js:2297
[ 1652143ms] [LOG] 💾 Form data auto-saved @ http://localhost:3000/_next/static/chunks/2ff6d_next_dist_bc817883._.js:2297
[ 1656025ms] [LOG] 💾 Proposal data auto-saved @ http://localhost:3000/_next/static/chunks/2ff6d_next_dist_bc817883._.js:2297
[ 1657143ms] [LOG] 💾 Form data auto-saved @ http://localhost:3000/_next/static/chunks/2ff6d_next_dist_bc817883._.js:2297
[ 1661025ms] [LOG] 💾 Proposal data auto-saved @ http://localhost:3000/_next/static/chunks/2ff6d_next_dist_bc817883._.js:2297
[ 1662145ms] [LOG] 💾 Form data auto-saved @ http://localhost:3000/_next/static/chunks/2ff6d_next_dist_bc817883._.js:2297
[ 1666025ms] [LOG] 💾 Proposal data auto-saved @ http://localhost:3000/_next/static/chunks/2ff6d_next_dist_bc817883._.js:2297
[ 1667144ms] [LOG] 💾 Form data auto-saved @ http://localhost:3000/_next/static/chunks/2ff6d_next_dist_bc817883._.js:2297
[ 1671025ms] [LOG] 💾 Proposal data auto-saved @ http://localhost:3000/_next/static/chunks/2ff6d_next_dist_bc817883._.js:2297
[ 1672143ms] [LOG] 💾 Form data auto-saved @ http://localhost:3000/_next/static/chunks/2ff6d_next_dist_bc817883._.js:2297
[ 1676025ms] [LOG] 💾 Proposal data auto-saved @ http://localhost:3000/_next/static/chunks/2ff6d_next_dist_bc817883._.js:2297
[ 1677144ms] [LOG] 💾 Form data auto-saved @ http://localhost:3000/_next/static/chunks/2ff6d_next_dist_bc817883._.js:2297
[ 1681025ms] [LOG] 💾 Proposal data auto-saved @ http://localhost:3000/_next/static/chunks/2ff6d_next_dist_bc817883._.js:2297
[ 1682144ms] [LOG] 💾 Form data auto-saved @ http://localhost:3000/_next/static/chunks/2ff6d_next_dist_bc817883._.js:2297
[ 1686026ms] [LOG] 💾 Proposal data auto-saved @ http://localhost:3000/_next/static/chunks/2ff6d_next_dist_bc817883._.js:2297
[ 1687144ms] [LOG] 💾 Form data auto-saved @ http://localhost:3000/_next/static/chunks/2ff6d_next_dist_bc817883._.js:2297
[ 1691025ms] [LOG] 💾 Proposal data auto-saved @ http://localhost:3000/_next/static/chunks/2ff6d_next_dist_bc817883._.js:2297
[ 1692144ms] [LOG] 💾 Form data auto-saved @ http://localhost:3000/_next/static/chunks/2ff6d_next_dist_bc817883._.js:2297
[ 1696025ms] [LOG] 💾 Proposal data auto-saved @ http://localhost:3000/_next/static/chunks/2ff6d_next_dist_bc817883._.js:2297
[ 1697148ms] [LOG] 💾 Form data auto-saved @ http://localhost:3000/_next/static/chunks/2ff6d_next_dist_bc817883._.js:2297
[ 1701025ms] [LOG] 💾 Proposal data auto-saved @ http://localhost:3000/_next/static/chunks/2ff6d_next_dist_bc817883._.js:2297
[ 1702144ms] [LOG] 💾 Form data auto-saved @ http://localhost:3000/_next/static/chunks/2ff6d_next_dist_bc817883._.js:2297
[ 1706025ms] [LOG] 💾 Proposal data auto-saved @ http://localhost:3000/_next/static/chunks/2ff6d_next_dist_bc817883._.js:2297
[ 1707144ms] [LOG] 💾 Form data auto-saved @ http://localhost:3000/_next/static/chunks/2ff6d_next_dist_bc817883._.js:2297
[ 1711025ms] [LOG] 💾 Proposal data auto-saved @ http://localhost:3000/_next/static/chunks/2ff6d_next_dist_bc817883._.js:2297
[ 1712143ms] [LOG] 💾 Form data auto-saved @ http://localhost:3000/_next/static/chunks/2ff6d_next_dist_bc817883._.js:2297
[ 1716025ms] [LOG] 💾 Proposal data auto-saved @ http://localhost:3000/_next/static/chunks/2ff6d_next_dist_bc817883._.js:2297
[ 1717143ms] [LOG] 💾 Form data auto-saved @ http://localhost:3000/_next/static/chunks/2ff6d_next_dist_bc817883._.js:2297
[ 1721025ms] [LOG] 💾 Proposal data auto-saved @ http://localhost:3000/_next/static/chunks/2ff6d_next_dist_bc817883._.js:2297
[ 1722144ms] [LOG] 💾 Form data auto-saved @ http://localhost:3000/_next/static/chunks/2ff6d_next_dist_bc817883._.js:2297
[ 1726025ms] [LOG] 💾 Proposal data auto-saved @ http://localhost:3000/_next/static/chunks/2ff6d_next_dist_bc817883._.js:2297
[ 1727144ms] [LOG] 💾 Form data auto-saved @ http://localhost:3000/_next/static/chunks/2ff6d_next_dist_bc817883._.js:2297
[ 1731025ms] [LOG] 💾 Proposal data auto-saved @ http://localhost:3000/_next/static/chunks/2ff6d_next_dist_bc817883._.js:2297
[ 1732143ms] [LOG] 💾 Form data auto-saved @ http://localhost:3000/_next/static/chunks/2ff6d_next_dist_bc817883._.js:2297
[ 1736025ms] [LOG] 💾 Proposal data auto-saved @ http://localhost:3000/_next/static/chunks/2ff6d_next_dist_bc817883._.js:2297
[ 1737143ms] [LOG] 💾 Form data auto-saved @ http://localhost:3000/_next/static/chunks/2ff6d_next_dist_bc817883._.js:2297
[ 1741025ms] [LOG] 💾 Proposal data auto-saved @ http://localhost:3000/_next/static/chunks/2ff6d_next_dist_bc817883._.js:2297
[ 1742144ms] [LOG] 💾 Form data auto-saved @ http://localhost:3000/_next/static/chunks/2ff6d_next_dist_bc817883._.js:2297
[ 1746025ms] [LOG] 💾 Proposal data auto-saved @ http://localhost:3000/_next/static/chunks/2ff6d_next_dist_bc817883._.js:2297
[ 1747144ms] [LOG] 💾 Form data auto-saved @ http://localhost:3000/_next/static/chunks/2ff6d_next_dist_bc817883._.js:2297
[ 1751025ms] [LOG] 💾 Proposal data auto-saved @ http://localhost:3000/_next/static/chunks/2ff6d_next_dist_bc817883._.js:2297
[ 1752143ms] [LOG] 💾 Form data auto-saved @ http://localhost:3000/_next/static/chunks/2ff6d_next_dist_bc817883._.js:2297
[ 1756025ms] [LOG] 💾 Proposal data auto-saved @ http://localhost:3000/_next/static/chunks/2ff6d_next_dist_bc817883._.js:2297
[ 1757143ms] [LOG] 💾 Form data auto-saved @ http://localhost:3000/_next/static/chunks/2ff6d_next_dist_bc817883._.js:2297
[ 1761025ms] [LOG] 💾 Proposal data auto-saved @ http://localhost:3000/_next/static/chunks/2ff6d_next_dist_bc817883._.js:2297
[ 1762144ms] [LOG] 💾 Form data auto-saved @ http://localhost:3000/_next/static/chunks/2ff6d_next_dist_bc817883._.js:2297
[ 1766025ms] [LOG] 💾 Proposal data auto-saved @ http://localhost:3000/_next/static/chunks/2ff6d_next_dist_bc817883._.js:2297
[ 1767144ms] [LOG] 💾 Form data auto-saved @ http://localhost:3000/_next/static/chunks/2ff6d_next_dist_bc817883._.js:2297
[ 1771025ms] [LOG] 💾 Proposal data auto-saved @ http://localhost:3000/_next/static/chunks/2ff6d_next_dist_bc817883._.js:2297
[ 1772144ms] [LOG] 💾 Form data auto-saved @ http://localhost:3000/_next/static/chunks/2ff6d_next_dist_bc817883._.js:2297
[ 1776025ms] [LOG] 💾 Proposal data auto-saved @ http://localhost:3000/_next/static/chunks/2ff6d_next_dist_bc817883._.js:2297
[ 1777144ms] [LOG] 💾 Form data auto-saved @ http://localhost:3000/_next/static/chunks/2ff6d_next_dist_bc817883._.js:2297
[ 1781025ms] [LOG] 💾 Proposal data auto-saved @ http://localhost:3000/_next/static/chunks/2ff6d_next_dist_bc817883._.js:2297
[ 1782143ms] [LOG] 💾 Form data auto-saved @ http://localhost:3000/_next/static/chunks/2ff6d_next_dist_bc817883._.js:2297
[ 1786025ms] [LOG] 💾 Proposal data auto-saved @ http://localhost:3000/_next/static/chunks/2ff6d_next_dist_bc817883._.js:2297
[ 1787144ms] [LOG] 💾 Form data auto-saved @ http://localhost:3000/_next/static/chunks/2ff6d_next_dist_bc817883._.js:2297
[ 1791025ms] [LOG] 💾 Proposal data auto-saved @ http://localhost:3000/_next/static/chunks/2ff6d_next_dist_bc817883._.js:2297
[ 1792144ms] [LOG] 💾 Form data auto-saved @ http://localhost:3000/_next/static/chunks/2ff6d_next_dist_bc817883._.js:2297
[ 1796025ms] [LOG] 💾 Proposal data auto-saved @ http://localhost:3000/_next/static/chunks/2ff6d_next_dist_bc817883._.js:2297
[ 1797144ms] [LOG] 💾 Form data auto-saved @ http://localhost:3000/_next/static/chunks/2ff6d_next_dist_bc817883._.js:2297
[ 1801025ms] [LOG] 💾 Proposal data auto-saved @ http://localhost:3000/_next/static/chunks/2ff6d_next_dist_bc817883._.js:2297
[ 1802144ms] [LOG] 💾 Form data auto-saved @ http://localhost:3000/_next/static/chunks/2ff6d_next_dist_bc817883._.js:2297
[ 1806026ms] [LOG] 💾 Proposal data auto-saved @ http://localhost:3000/_next/static/chunks/2ff6d_next_dist_bc817883._.js:2297
[ 1807143ms] [LOG] 💾 Form data auto-saved @ http://localhost:3000/_next/static/chunks/2ff6d_next_dist_bc817883._.js:2297
[ 1811025ms] [LOG] 💾 Proposal data auto-saved @ http://localhost:3000/_next/static/chunks/2ff6d_next_dist_bc817883._.js:2297
[ 1812143ms] [LOG] 💾 Form data auto-saved @ http://localhost:3000/_next/static/chunks/2ff6d_next_dist_bc817883._.js:2297
[ 1816025ms] [LOG] 💾 Proposal data auto-saved @ http://localhost:3000/_next/static/chunks/2ff6d_next_dist_bc817883._.js:2297
[ 1817143ms] [LOG] 💾 Form data auto-saved @ http://localhost:3000/_next/static/chunks/2ff6d_next_dist_bc817883._.js:2297
[ 1821025ms] [LOG] 💾 Proposal data auto-saved @ http://localhost:3000/_next/static/chunks/2ff6d_next_dist_bc817883._.js:2297
[ 1822144ms] [LOG] 💾 Form data auto-saved @ http://localhost:3000/_next/static/chunks/2ff6d_next_dist_bc817883._.js:2297
[ 1826025ms] [LOG] 💾 Proposal data auto-saved @ http://localhost:3000/_next/static/chunks/2ff6d_next_dist_bc817883._.js:2297
[ 1827144ms] [LOG] 💾 Form data auto-saved @ http://localhost:3000/_next/static/chunks/2ff6d_next_dist_bc817883._.js:2297
[ 1831025ms] [LOG] 💾 Proposal data auto-saved @ http://localhost:3000/_next/static/chunks/2ff6d_next_dist_bc817883._.js:2297
[ 1832144ms] [LOG] 💾 Form data auto-saved @ http://localhost:3000/_next/static/chunks/2ff6d_next_dist_bc817883._.js:2297
[ 1836025ms] [LOG] 💾 Proposal data auto-saved @ http://localhost:3000/_next/static/chunks/2ff6d_next_dist_bc817883._.js:2297
[ 1837145ms] [LOG] 💾 Form data auto-saved @ http://localhost:3000/_next/static/chunks/2ff6d_next_dist_bc817883._.js:2297
[ 1841025ms] [LOG] 💾 Proposal data auto-saved @ http://localhost:3000/_next/static/chunks/2ff6d_next_dist_bc817883._.js:2297
[ 1842144ms] [LOG] 💾 Form data auto-saved @ http://localhost:3000/_next/static/chunks/2ff6d_next_dist_bc817883._.js:2297
[ 1846026ms] [LOG] 💾 Proposal data auto-saved @ http://localhost:3000/_next/static/chunks/2ff6d_next_dist_bc817883._.js:2297
[ 1847144ms] [LOG] 💾 Form data auto-saved @ http://localhost:3000/_next/static/chunks/2ff6d_next_dist_bc817883._.js:2297
[ 1851025ms] [LOG] 💾 Proposal data auto-saved @ http://localhost:3000/_next/static/chunks/2ff6d_next_dist_bc817883._.js:2297
[ 1852143ms] [LOG] 💾 Form data auto-saved @ http://localhost:3000/_next/static/chunks/2ff6d_next_dist_bc817883._.js:2297
[ 1856025ms] [LOG] 💾 Proposal data auto-saved @ http://localhost:3000/_next/static/chunks/2ff6d_next_dist_bc817883._.js:2297
[ 1857144ms] [LOG] 💾 Form data auto-saved @ http://localhost:3000/_next/static/chunks/2ff6d_next_dist_bc817883._.js:2297
[ 1861025ms] [LOG] 💾 Proposal data auto-saved @ http://localhost:3000/_next/static/chunks/2ff6d_next_dist_bc817883._.js:2297
[ 1862144ms] [LOG] 💾 Form data auto-saved @ http://localhost:3000/_next/static/chunks/2ff6d_next_dist_bc817883._.js:2297
[ 1866026ms] [LOG] 💾 Proposal data auto-saved @ http://localhost:3000/_next/static/chunks/2ff6d_next_dist_bc817883._.js:2297
[ 1867144ms] [LOG] 💾 Form data auto-saved @ http://localhost:3000/_next/static/chunks/2ff6d_next_dist_bc817883._.js:2297
[ 1871025ms] [LOG] 💾 Proposal data auto-saved @ http://localhost:3000/_next/static/chunks/2ff6d_next_dist_bc817883._.js:2297
[ 1872144ms] [LOG] 💾 Form data auto-saved @ http://localhost:3000/_next/static/chunks/2ff6d_next_dist_bc817883._.js:2297
[ 1876025ms] [LOG] 💾 Proposal data auto-saved @ http://localhost:3000/_next/static/chunks/2ff6d_next_dist_bc817883._.js:2297
[ 1877143ms] [LOG] 💾 Form data auto-saved @ http://localhost:3000/_next/static/chunks/2ff6d_next_dist_bc817883._.js:2297
[ 1881025ms] [LOG] 💾 Proposal data auto-saved @ http://localhost:3000/_next/static/chunks/2ff6d_next_dist_bc817883._.js:2297
[ 1882144ms] [LOG] 💾 Form data auto-saved @ http://localhost:3000/_next/static/chunks/2ff6d_next_dist_bc817883._.js:2297
[ 1886026ms] [LOG] 💾 Proposal data auto-saved @ http://localhost:3000/_next/static/chunks/2ff6d_next_dist_bc817883._.js:2297
[ 1887144ms] [LOG] 💾 Form data auto-saved @ http://localhost:3000/_next/static/chunks/2ff6d_next_dist_bc817883._.js:2297
[ 1891025ms] [LOG] 💾 Proposal data auto-saved @ http://localhost:3000/_next/static/chunks/2ff6d_next_dist_bc817883._.js:2297
[ 1892143ms] [LOG] 💾 Form data auto-saved @ http://localhost:3000/_next/static/chunks/2ff6d_next_dist_bc817883._.js:2297
[ 1896025ms] [LOG] 💾 Proposal data auto-saved @ http://localhost:3000/_next/static/chunks/2ff6d_next_dist_bc817883._.js:2297
[ 1897144ms] [LOG] 💾 Form data auto-saved @ http://localhost:3000/_next/static/chunks/2ff6d_next_dist_bc817883._.js:2297
[ 1901025ms] [LOG] 💾 Proposal data auto-saved @ http://localhost:3000/_next/static/chunks/2ff6d_next_dist_bc817883._.js:2297
[ 1902148ms] [LOG] 💾 Form data auto-saved @ http://localhost:3000/_next/static/chunks/2ff6d_next_dist_bc817883._.js:2297
[ 1906026ms] [LOG] 💾 Proposal data auto-saved @ http://localhost:3000/_next/static/chunks/2ff6d_next_dist_bc817883._.js:2297
[ 1907143ms] [LOG] 💾 Form data auto-saved @ http://localhost:3000/_next/static/chunks/2ff6d_next_dist_bc817883._.js:2297
[ 1911025ms] [LOG] 💾 Proposal data auto-saved @ http://localhost:3000/_next/static/chunks/2ff6d_next_dist_bc817883._.js:2297
[ 1912143ms] [LOG] 💾 Form data auto-saved @ http://localhost:3000/_next/static/chunks/2ff6d_next_dist_bc817883._.js:2297
[ 1916025ms] [LOG] 💾 Proposal data auto-saved @ http://localhost:3000/_next/static/chunks/2ff6d_next_dist_bc817883._.js:2297
[ 1917143ms] [LOG] 💾 Form data auto-saved @ http://localhost:3000/_next/static/chunks/2ff6d_next_dist_bc817883._.js:2297
[ 1921025ms] [LOG] 💾 Proposal data auto-saved @ http://localhost:3000/_next/static/chunks/2ff6d_next_dist_bc817883._.js:2297
[ 1922143ms] [LOG] 💾 Form data auto-saved @ http://localhost:3000/_next/static/chunks/2ff6d_next_dist_bc817883._.js:2297
[ 1926026ms] [LOG] 💾 Proposal data auto-saved @ http://localhost:3000/_next/static/chunks/2ff6d_next_dist_bc817883._.js:2297
[ 1927144ms] [LOG] 💾 Form data auto-saved @ http://localhost:3000/_next/static/chunks/2ff6d_next_dist_bc817883._.js:2297
[ 1931025ms] [LOG] 💾 Proposal data auto-saved @ http://localhost:3000/_next/static/chunks/2ff6d_next_dist_bc817883._.js:2297
[ 1932143ms] [LOG] 💾 Form data auto-saved @ http://localhost:3000/_next/static/chunks/2ff6d_next_dist_bc817883._.js:2297
[ 1936025ms] [LOG] 💾 Proposal data auto-saved @ http://localhost:3000/_next/static/chunks/2ff6d_next_dist_bc817883._.js:2297
[ 1937144ms] [LOG] 💾 Form data auto-saved @ http://localhost:3000/_next/static/chunks/2ff6d_next_dist_bc817883._.js:2297
[ 1941025ms] [LOG] 💾 Proposal data auto-saved @ http://localhost:3000/_next/static/chunks/2ff6d_next_dist_bc817883._.js:2297
[ 1942144ms] [LOG] 💾 Form data auto-saved @ http://localhost:3000/_next/static/chunks/2ff6d_next_dist_bc817883._.js:2297
[ 1946026ms] [LOG] 💾 Proposal data auto-saved @ http://localhost:3000/_next/static/chunks/2ff6d_next_dist_bc817883._.js:2297
[ 1947145ms] [LOG] 💾 Form data auto-saved @ http://localhost:3000/_next/static/chunks/2ff6d_next_dist_bc817883._.js:2297
[ 1951026ms] [LOG] 💾 Proposal data auto-saved @ http://localhost:3000/_next/static/chunks/2ff6d_next_dist_bc817883._.js:2297
[ 1952144ms] [LOG] 💾 Form data auto-saved @ http://localhost:3000/_next/static/chunks/2ff6d_next_dist_bc817883._.js:2297
[ 1956025ms] [LOG] 💾 Proposal data auto-saved @ http://localhost:3000/_next/static/chunks/2ff6d_next_dist_bc817883._.js:2297
[ 1957143ms] [LOG] 💾 Form data auto-saved @ http://localhost:3000/_next/static/chunks/2ff6d_next_dist_bc817883._.js:2297
[ 1961025ms] [LOG] 💾 Proposal data auto-saved @ http://localhost:3000/_next/static/chunks/2ff6d_next_dist_bc817883._.js:2297
[ 1962143ms] [LOG] 💾 Form data auto-saved @ http://localhost:3000/_next/static/chunks/2ff6d_next_dist_bc817883._.js:2297
[ 1966025ms] [LOG] 💾 Proposal data auto-saved @ http://localhost:3000/_next/static/chunks/2ff6d_next_dist_bc817883._.js:2297
[ 1967143ms] [LOG] 💾 Form data auto-saved @ http://localhost:3000/_next/static/chunks/2ff6d_next_dist_bc817883._.js:2297
[ 1971025ms] [LOG] 💾 Proposal data auto-saved @ http://localhost:3000/_next/static/chunks/2ff6d_next_dist_bc817883._.js:2297
[ 1972144ms] [LOG] 💾 Form data auto-saved @ http://localhost:3000/_next/static/chunks/2ff6d_next_dist_bc817883._.js:2297
[ 1976025ms] [LOG] 💾 Proposal data auto-saved @ http://localhost:3000/_next/static/chunks/2ff6d_next_dist_bc817883._.js:2297
[ 1977144ms] [LOG] 💾 Form data auto-saved @ http://localhost:3000/_next/static/chunks/2ff6d_next_dist_bc817883._.js:2297
[ 1981025ms] [LOG] 💾 Proposal data auto-saved @ http://localhost:3000/_next/static/chunks/2ff6d_next_dist_bc817883._.js:2297
[ 1982143ms] [LOG] 💾 Form data auto-saved @ http://localhost:3000/_next/static/chunks/2ff6d_next_dist_bc817883._.js:2297
[ 1986026ms] [LOG] 💾 Proposal data auto-saved @ http://localhost:3000/_next/static/chunks/2ff6d_next_dist_bc817883._.js:2297
[ 1987144ms] [LOG] 💾 Form data auto-saved @ http://localhost:3000/_next/static/chunks/2ff6d_next_dist_bc817883._.js:2297
[ 1991025ms] [LOG] 💾 Proposal data auto-saved @ http://localhost:3000/_next/static/chunks/2ff6d_next_dist_bc817883._.js:2297
[ 1992144ms] [LOG] 💾 Form data auto-saved @ http://localhost:3000/_next/static/chunks/2ff6d_next_dist_bc817883._.js:2297
[ 1996025ms] [LOG] 💾 Proposal data auto-saved @ http://localhost:3000/_next/static/chunks/2ff6d_next_dist_bc817883._.js:2297
[ 1997144ms] [LOG] 💾 Form data auto-saved @ http://localhost:3000/_next/static/chunks/2ff6d_next_dist_bc817883._.js:2297
[ 2001025ms] [LOG] 💾 Proposal data auto-saved @ http://localhost:3000/_next/static/chunks/2ff6d_next_dist_bc817883._.js:2297
[ 2002144ms] [LOG] 💾 Form data auto-saved @ http://localhost:3000/_next/static/chunks/2ff6d_next_dist_bc817883._.js:2297
[ 2006025ms] [LOG] 💾 Proposal data auto-saved @ http://localhost:3000/_next/static/chunks/2ff6d_next_dist_bc817883._.js:2297
[ 2007143ms] [LOG] 💾 Form data auto-saved @ http://localhost:3000/_next/static/chunks/2ff6d_next_dist_bc817883._.js:2297
[ 2011025ms] [LOG] 💾 Proposal data auto-saved @ http://localhost:3000/_next/static/chunks/2ff6d_next_dist_bc817883._.js:2297
[ 2012145ms] [LOG] 💾 Form data auto-saved @ http://localhost:3000/_next/static/chunks/2ff6d_next_dist_bc817883._.js:2297
[ 2016025ms] [LOG] 💾 Proposal data auto-saved @ http://localhost:3000/_next/static/chunks/2ff6d_next_dist_bc817883._.js:2297
[ 2017143ms] [LOG] 💾 Form data auto-saved @ http://localhost:3000/_next/static/chunks/2ff6d_next_dist_bc817883._.js:2297
[ 2021025ms] [LOG] 💾 Proposal data auto-saved @ http://localhost:3000/_next/static/chunks/2ff6d_next_dist_bc817883._.js:2297
[ 2022143ms] [LOG] 💾 Form data auto-saved @ http://localhost:3000/_next/static/chunks/2ff6d_next_dist_bc817883._.js:2297
[ 2026025ms] [LOG] 💾 Proposal data auto-saved @ http://localhost:3000/_next/static/chunks/2ff6d_next_dist_bc817883._.js:2297
[ 2027145ms] [LOG] 💾 Form data auto-saved @ http://localhost:3000/_next/static/chunks/2ff6d_next_dist_bc817883._.js:2297
[ 2031025ms] [LOG] 💾 Proposal data auto-saved @ http://localhost:3000/_next/static/chunks/2ff6d_next_dist_bc817883._.js:2297
[ 2032143ms] [LOG] 💾 Form data auto-saved @ http://localhost:3000/_next/static/chunks/2ff6d_next_dist_bc817883._.js:2297
[ 2036025ms] [LOG] 💾 Proposal data auto-saved @ http://localhost:3000/_next/static/chunks/2ff6d_next_dist_bc817883._.js:2297
[ 2037143ms] [LOG] 💾 Form data auto-saved @ http://localhost:3000/_next/static/chunks/2ff6d_next_dist_bc817883._.js:2297
[ 2041025ms] [LOG] 💾 Proposal data auto-saved @ http://localhost:3000/_next/static/chunks/2ff6d_next_dist_bc817883._.js:2297
[ 2042143ms] [LOG] 💾 Form data auto-saved @ http://localhost:3000/_next/static/chunks/2ff6d_next_dist_bc817883._.js:2297
[ 2046025ms] [LOG] 💾 Proposal data auto-saved @ http://localhost:3000/_next/static/chunks/2ff6d_next_dist_bc817883._.js:2297
[ 2047144ms] [LOG] 💾 Form data auto-saved @ http://localhost:3000/_next/static/chunks/2ff6d_next_dist_bc817883._.js:2297
[ 2051025ms] [LOG] 💾 Proposal data auto-saved @ http://localhost:3000/_next/static/chunks/2ff6d_next_dist_bc817883._.js:2297
[ 2052143ms] [LOG] 💾 Form data auto-saved @ http://localhost:3000/_next/static/chunks/2ff6d_next_dist_bc817883._.js:2297
[ 2056025ms] [LOG] 💾 Proposal data auto-saved @ http://localhost:3000/_next/static/chunks/2ff6d_next_dist_bc817883._.js:2297
[ 2057143ms] [LOG] 💾 Form data auto-saved @ http://localhost:3000/_next/static/chunks/2ff6d_next_dist_bc817883._.js:2297
[ 2061025ms] [LOG] 💾 Proposal data auto-saved @ http://localhost:3000/_next/static/chunks/2ff6d_next_dist_bc817883._.js:2297
[ 2062143ms] [LOG] 💾 Form data auto-saved @ http://localhost:3000/_next/static/chunks/2ff6d_next_dist_bc817883._.js:2297
[ 2066025ms] [LOG] 💾 Proposal data auto-saved @ http://localhost:3000/_next/static/chunks/2ff6d_next_dist_bc817883._.js:2297
[ 2067144ms] [LOG] 💾 Form data auto-saved @ http://localhost:3000/_next/static/chunks/2ff6d_next_dist_bc817883._.js:2297
[ 2071025ms] [LOG] 💾 Proposal data auto-saved @ http://localhost:3000/_next/static/chunks/2ff6d_next_dist_bc817883._.js:2297
[ 2072143ms] [LOG] 💾 Form data auto-saved @ http://localhost:3000/_next/static/chunks/2ff6d_next_dist_bc817883._.js:2297
[ 2076025ms] [LOG] 💾 Proposal data auto-saved @ http://localhost:3000/_next/static/chunks/2ff6d_next_dist_bc817883._.js:2297
[ 2077143ms] [LOG] 💾 Form data auto-saved @ http://localhost:3000/_next/static/chunks/2ff6d_next_dist_bc817883._.js:2297
[ 2081025ms] [LOG] 💾 Proposal data auto-saved @ http://localhost:3000/_next/static/chunks/2ff6d_next_dist_bc817883._.js:2297
[ 2082143ms] [LOG] 💾 Form data auto-saved @ http://localhost:3000/_next/static/chunks/2ff6d_next_dist_bc817883._.js:2297
[ 2086025ms] [LOG] 💾 Proposal data auto-saved @ http://localhost:3000/_next/static/chunks/2ff6d_next_dist_bc817883._.js:2297
[ 2087143ms] [LOG] 💾 Form data auto-saved @ http://localhost:3000/_next/static/chunks/2ff6d_next_dist_bc817883._.js:2297
[ 2091025ms] [LOG] 💾 Proposal data auto-saved @ http://localhost:3000/_next/static/chunks/2ff6d_next_dist_bc817883._.js:2297
[ 2092143ms] [LOG] 💾 Form data auto-saved @ http://localhost:3000/_next/static/chunks/2ff6d_next_dist_bc817883._.js:2297
[ 2096025ms] [LOG] 💾 Proposal data auto-saved @ http://localhost:3000/_next/static/chunks/2ff6d_next_dist_bc817883._.js:2297
[ 2097143ms] [LOG] 💾 Form data auto-saved @ http://localhost:3000/_next/static/chunks/2ff6d_next_dist_bc817883._.js:2297
[ 2101025ms] [LOG] 💾 Proposal data auto-saved @ http://localhost:3000/_next/static/chunks/2ff6d_next_dist_bc817883._.js:2297
[ 2102143ms] [LOG] 💾 Form data auto-saved @ http://localhost:3000/_next/static/chunks/2ff6d_next_dist_bc817883._.js:2297
[ 2106025ms] [LOG] 💾 Proposal data auto-saved @ http://localhost:3000/_next/static/chunks/2ff6d_next_dist_bc817883._.js:2297
[ 2107143ms] [LOG] 💾 Form data auto-saved @ http://localhost:3000/_next/static/chunks/2ff6d_next_dist_bc817883._.js:2297
[ 2111025ms] [LOG] 💾 Proposal data auto-saved @ http://localhost:3000/_next/static/chunks/2ff6d_next_dist_bc817883._.js:2297
[ 2112143ms] [LOG] 💾 Form data auto-saved @ http://localhost:3000/_next/static/chunks/2ff6d_next_dist_bc817883._.js:2297
[ 2116026ms] [LOG] 💾 Proposal data auto-saved @ http://localhost:3000/_next/static/chunks/2ff6d_next_dist_bc817883._.js:2297
[ 2117143ms] [LOG] 💾 Form data auto-saved @ http://localhost:3000/_next/static/chunks/2ff6d_next_dist_bc817883._.js:2297
[ 2121035ms] [LOG] 💾 Proposal data auto-saved @ http://localhost:3000/_next/static/chunks/2ff6d_next_dist_bc817883._.js:2297
[ 2122149ms] [LOG] 💾 Form data auto-saved @ http://localhost:3000/_next/static/chunks/2ff6d_next_dist_bc817883._.js:2297
[ 2126025ms] [LOG] 💾 Proposal data auto-saved @ http://localhost:3000/_next/static/chunks/2ff6d_next_dist_bc817883._.js:2297
[ 2127143ms] [LOG] 💾 Form data auto-saved @ http://localhost:3000/_next/static/chunks/2ff6d_next_dist_bc817883._.js:2297
[ 2131025ms] [LOG] 💾 Proposal data auto-saved @ http://localhost:3000/_next/static/chunks/2ff6d_next_dist_bc817883._.js:2297
[ 2132143ms] [LOG] 💾 Form data auto-saved @ http://localhost:3000/_next/static/chunks/2ff6d_next_dist_bc817883._.js:2297
[ 2136025ms] [LOG] 💾 Proposal data auto-saved @ http://localhost:3000/_next/static/chunks/2ff6d_next_dist_bc817883._.js:2297
[ 2137144ms] [LOG] 💾 Form data auto-saved @ http://localhost:3000/_next/static/chunks/2ff6d_next_dist_bc817883._.js:2297
[ 2141025ms] [LOG] 💾 Proposal data auto-saved @ http://localhost:3000/_next/static/chunks/2ff6d_next_dist_bc817883._.js:2297
[ 2142144ms] [LOG] 💾 Form data auto-saved @ http://localhost:3000/_next/static/chunks/2ff6d_next_dist_bc817883._.js:2297
[ 2146026ms] [LOG] 💾 Proposal data auto-saved @ http://localhost:3000/_next/static/chunks/2ff6d_next_dist_bc817883._.js:2297
[ 2147143ms] [LOG] 💾 Form data auto-saved @ http://localhost:3000/_next/static/chunks/2ff6d_next_dist_bc817883._.js:2297
[ 2151025ms] [LOG] 💾 Proposal data auto-saved @ http://localhost:3000/_next/static/chunks/2ff6d_next_dist_bc817883._.js:2297
[ 2152143ms] [LOG] 💾 Form data auto-saved @ http://localhost:3000/_next/static/chunks/2ff6d_next_dist_bc817883._.js:2297
[ 2156025ms] [LOG] 💾 Proposal data auto-saved @ http://localhost:3000/_next/static/chunks/2ff6d_next_dist_bc817883._.js:2297
[ 2157143ms] [LOG] 💾 Form data auto-saved @ http://localhost:3000/_next/static/chunks/2ff6d_next_dist_bc817883._.js:2297
[ 2161025ms] [LOG] 💾 Proposal data auto-saved @ http://localhost:3000/_next/static/chunks/2ff6d_next_dist_bc817883._.js:2297
[ 2162143ms] [LOG] 💾 Form data auto-saved @ http://localhost:3000/_next/static/chunks/2ff6d_next_dist_bc817883._.js:2297
[ 2166025ms] [LOG] 💾 Proposal data auto-saved @ http://localhost:3000/_next/static/chunks/2ff6d_next_dist_bc817883._.js:2297
[ 2167143ms] [LOG] 💾 Form data auto-saved @ http://localhost:3000/_next/static/chunks/2ff6d_next_dist_bc817883._.js:2297
[ 2170333ms] [ERROR] WebSocket connection to 'ws://localhost:3000/_next/webpack-hmr?id=01E5V37c8iA5AWP9BdjYY' failed: Error in connection establishment: net::ERR_CONNECTION_REFUSED @ http://localhost:3000/_next/static/chunks/2ff6d_next_dist_client_228c2512._.js:10878
[ 2171025ms] [LOG] 💾 Proposal data auto-saved @ http://localhost:3000/_next/static/chunks/2ff6d_next_dist_bc817883._.js:2297
[ 2171336ms] [ERROR] WebSocket connection to 'ws://localhost:3000/_next/webpack-hmr?id=01E5V37c8iA5AWP9BdjYY' failed: Error in connection establishment: net::ERR_CONNECTION_REFUSED @ http://localhost:3000/_next/static/chunks/2ff6d_next_dist_client_228c2512._.js:10878
[ 2172143ms] [LOG] 💾 Form data auto-saved @ http://localhost:3000/_next/static/chunks/2ff6d_next_dist_bc817883._.js:2297
[ 2172337ms] [ERROR] WebSocket connection to 'ws://localhost:3000/_next/webpack-hmr?id=01E5V37c8iA5AWP9BdjYY' failed: Error in connection establishment: net::ERR_CONNECTION_REFUSED @ http://localhost:3000/_next/static/chunks/2ff6d_next_dist_client_228c2512._.js:10878
[ 2173339ms] [ERROR] WebSocket connection to 'ws://localhost:3000/_next/webpack-hmr?id=01E5V37c8iA5AWP9BdjYY' failed: Error in connection establishment: net::ERR_CONNECTION_REFUSED @ http://localhost:3000/_next/static/chunks/2ff6d_next_dist_client_228c2512._.js:10878
[ 2174342ms] [ERROR] WebSocket connection to 'ws://localhost:3000/_next/webpack-hmr?id=01E5V37c8iA5AWP9BdjYY' failed: Error in connection establishment: net::ERR_CONNECTION_REFUSED @ http://localhost:3000/_next/static/chunks/2ff6d_next_dist_client_228c2512._.js:10878
[ 2176025ms] [LOG] 💾 Proposal data auto-saved @ http://localhost:3000/_next/static/chunks/2ff6d_next_dist_bc817883._.js:2297
[ 2177143ms] [LOG] 💾 Form data auto-saved @ http://localhost:3000/_next/static/chunks/2ff6d_next_dist_bc817883._.js:2297
[ 2179345ms] [ERROR] WebSocket connection to 'ws://localhost:3000/_next/webpack-hmr?id=01E5V37c8iA5AWP9BdjYY' failed: Error in connection establishment: net::ERR_CONNECTION_REFUSED @ http://localhost:3000/_next/static/chunks/2ff6d_next_dist_client_228c2512._.js:10878
[ 2181026ms] [LOG] 💾 Proposal data auto-saved @ http://localhost:3000/_next/static/chunks/2ff6d_next_dist_bc817883._.js:2297
[ 2182143ms] [LOG] 💾 Form data auto-saved @ http://localhost:3000/_next/static/chunks/2ff6d_next_dist_bc817883._.js:2297
[ 2184478ms] [LOG] [HMR] connected @ http://localhost:3000/_next/static/chunks/2ff6d_next_dist_bc817883._.js:2297
[ 2185898ms] [INFO] %cDownload the React DevTools for a better development experience: https://react.dev/link/react-devtools font-weight:bold @ http://localhost:3000/_next/static/chunks/2ff6d_next_dist_bc817883._.js:2297
[ 2186253ms] [LOG] [HMR] connected @ http://localhost:3000/_next/static/chunks/2ff6d_next_dist_bc817883._.js:2297
[ 2186551ms] [LOG] [Fast Refresh] rebuilding @ http://localhost:3000/_next/static/chunks/2ff6d_next_dist_bc817883._.js:2297
[ 2186894ms] [LOG] [Fast Refresh] done in 491ms @ http://localhost:3000/_next/static/chunks/2ff6d_next_dist_bc817883._.js:2297
[ 2187253ms] [LOG] Loading saved form data... @ http://localhost:3000/_next/static/chunks/2ff6d_next_dist_bc817883._.js:2297
[ 2187274ms] [LOG] ✅ Form data restored from localStorage @ http://localhost:3000/_next/static/chunks/2ff6d_next_dist_bc817883._.js:2297
[ 2187302ms] [LOG] 📂 Loading saved proposal data... @ http://localhost:3000/_next/static/chunks/2ff6d_next_dist_bc817883._.js:2297
[ 2187311ms] [LOG] ✅ Proposal data restored from localStorage @ http://localhost:3000/_next/static/chunks/2ff6d_next_dist_bc817883._.js:2297
[ 2192957ms] [LOG] 💾 Form data auto-saved @ http://localhost:3000/_next/static/chunks/2ff6d_next_dist_bc817883._.js:2297
[ 2193036ms] [LOG] 💾 Proposal data auto-saved @ http://localhost:3000/_next/static/chunks/2ff6d_next_dist_bc817883._.js:2297
[ 2197957ms] [LOG] 💾 Form data auto-saved @ http://localhost:3000/_next/static/chunks/2ff6d_next_dist_bc817883._.js:2297
[ 2198036ms] [LOG] 💾 Proposal data auto-saved @ http://localhost:3000/_next/static/chunks/2ff6d_next_dist_bc817883._.js:2297
[ 2202957ms] [LOG] 💾 Form data auto-saved @ http://localhost:3000/_next/static/chunks/2ff6d_next_dist_bc817883._.js:2297
[ 2203036ms] [LOG] 💾 Proposal data auto-saved @ http://localhost:3000/_next/static/chunks/2ff6d_next_dist_bc817883._.js:2297
[ 2205848ms] [LOG] [Fast Refresh] rebuilding @ http://localhost:3000/_next/static/chunks/2ff6d_next_dist_bc817883._.js:2297
[ 2205851ms] [LOG] [Fast Refresh] done in 103ms @ http://localhost:3000/_next/static/chunks/2ff6d_next_dist_bc817883._.js:2297
[ 2206106ms] [LOG] [Fast Refresh] rebuilding @ http://localhost:3000/_next/static/chunks/2ff6d_next_dist_bc817883._.js:2297
[ 2206124ms] [LOG] [Fast Refresh] done in 118ms @ http://localhost:3000/_next/static/chunks/2ff6d_next_dist_bc817883._.js:2297
[ 2207957ms] [LOG] 💾 Form data auto-saved @ http://localhost:3000/_next/static/chunks/2ff6d_next_dist_bc817883._.js:2297
[ 2208036ms] [LOG] 💾 Proposal data auto-saved @ http://localhost:3000/_next/static/chunks/2ff6d_next_dist_bc817883._.js:2297
[ 2212957ms] [LOG] 💾 Form data auto-saved @ http://localhost:3000/_next/static/chunks/2ff6d_next_dist_bc817883._.js:2297
[ 2213036ms] [LOG] 💾 Proposal data auto-saved @ http://localhost:3000/_next/static/chunks/2ff6d_next_dist_bc817883._.js:2297
[ 2217957ms] [LOG] 💾 Form data auto-saved @ http://localhost:3000/_next/static/chunks/2ff6d_next_dist_bc817883._.js:2297
[ 2218036ms] [LOG] 💾 Proposal data auto-saved @ http://localhost:3000/_next/static/chunks/2ff6d_next_dist_bc817883._.js:2297
[ 2222959ms] [LOG] 💾 Form data auto-saved @ http://localhost:3000/_next/static/chunks/2ff6d_next_dist_bc817883._.js:2297
[ 2223036ms] [LOG] 💾 Proposal data auto-saved @ http://localhost:3000/_next/static/chunks/2ff6d_next_dist_bc817883._.js:2297
[ 2227957ms] [LOG] 💾 Form data auto-saved @ http://localhost:3000/_next/static/chunks/2ff6d_next_dist_bc817883._.js:2297
[ 2228036ms] [LOG] 💾 Proposal data auto-saved @ http://localhost:3000/_next/static/chunks/2ff6d_next_dist_bc817883._.js:2297
[ 2232957ms] [LOG] 💾 Form data auto-saved @ http://localhost:3000/_next/static/chunks/2ff6d_next_dist_bc817883._.js:2297
[ 2233036ms] [LOG] 💾 Proposal data auto-saved @ http://localhost:3000/_next/static/chunks/2ff6d_next_dist_bc817883._.js:2297
[ 2237957ms] [LOG] 💾 Form data auto-saved @ http://localhost:3000/_next/static/chunks/2ff6d_next_dist_bc817883._.js:2297
[ 2238036ms] [LOG] 💾 Proposal data auto-saved @ http://localhost:3000/_next/static/chunks/2ff6d_next_dist_bc817883._.js:2297
[ 2242958ms] [LOG] 💾 Form data auto-saved @ http://localhost:3000/_next/static/chunks/2ff6d_next_dist_bc817883._.js:2297
[ 2243036ms] [LOG] 💾 Proposal data auto-saved @ http://localhost:3000/_next/static/chunks/2ff6d_next_dist_bc817883._.js:2297
[ 2247957ms] [LOG] 💾 Form data auto-saved @ http://localhost:3000/_next/static/chunks/2ff6d_next_dist_bc817883._.js:2297
[ 2248036ms] [LOG] 💾 Proposal data auto-saved @ http://localhost:3000/_next/static/chunks/2ff6d_next_dist_bc817883._.js:2297
[ 2248898ms] [LOG] [Fast Refresh] rebuilding @ http://localhost:3000/_next/static/chunks/2ff6d_next_dist_bc817883._.js:2297
[ 2249208ms] [LOG] [Fast Refresh] done in 411ms @ http://localhost:3000/_next/static/chunks/2ff6d_next_dist_bc817883._.js:2297
[ 2252957ms] [LOG] 💾 Form data auto-saved @ http://localhost:3000/_next/static/chunks/2ff6d_next_dist_bc817883._.js:2297
[ 2253036ms] [LOG] 💾 Proposal data auto-saved @ http://localhost:3000/_next/static/chunks/2ff6d_next_dist_bc817883._.js:2297
[ 2257957ms] [LOG] 💾 Form data auto-saved @ http://localhost:3000/_next/static/chunks/2ff6d_next_dist_bc817883._.js:2297
[ 2258036ms] [LOG] 💾 Proposal data auto-saved @ http://localhost:3000/_next/static/chunks/2ff6d_next_dist_bc817883._.js:2297
[ 2262957ms] [LOG] 💾 Form data auto-saved @ http://localhost:3000/_next/static/chunks/2ff6d_next_dist_bc817883._.js:2297
[ 2263036ms] [LOG] 💾 Proposal data auto-saved @ http://localhost:3000/_next/static/chunks/2ff6d_next_dist_bc817883._.js:2297
[ 2267957ms] [LOG] 💾 Form data auto-saved @ http://localhost:3000/_next/static/chunks/2ff6d_next_dist_bc817883._.js:2297
[ 2268036ms] [LOG] 💾 Proposal data auto-saved @ http://localhost:3000/_next/static/chunks/2ff6d_next_dist_bc817883._.js:2297
[ 2272957ms] [LOG] 💾 Form data auto-saved @ http://localhost:3000/_next/static/chunks/2ff6d_next_dist_bc817883._.js:2297
[ 2273036ms] [LOG] 💾 Proposal data auto-saved @ http://localhost:3000/_next/static/chunks/2ff6d_next_dist_bc817883._.js:2297
[ 2277957ms] [LOG] 💾 Form data auto-saved @ http://localhost:3000/_next/static/chunks/2ff6d_next_dist_bc817883._.js:2297
[ 2278036ms] [LOG] 💾 Proposal data auto-saved @ http://localhost:3000/_next/static/chunks/2ff6d_next_dist_bc817883._.js:2297
[ 2282958ms] [LOG] 💾 Form data auto-saved @ http://localhost:3000/_next/static/chunks/2ff6d_next_dist_bc817883._.js:2297
[ 2283036ms] [LOG] 💾 Proposal data auto-saved @ http://localhost:3000/_next/static/chunks/2ff6d_next_dist_bc817883._.js:2297
[ 2287958ms] [LOG] 💾 Form data auto-saved @ http://localhost:3000/_next/static/chunks/2ff6d_next_dist_bc817883._.js:2297
[ 2288036ms] [LOG] 💾 Proposal data auto-saved @ http://localhost:3000/_next/static/chunks/2ff6d_next_dist_bc817883._.js:2297
[ 2292957ms] [LOG] 💾 Form data auto-saved @ http://localhost:3000/_next/static/chunks/2ff6d_next_dist_bc817883._.js:2297
[ 2293036ms] [LOG] 💾 Proposal data auto-saved @ http://localhost:3000/_next/static/chunks/2ff6d_next_dist_bc817883._.js:2297
[ 2297957ms] [LOG] 💾 Form data auto-saved @ http://localhost:3000/_next/static/chunks/2ff6d_next_dist_bc817883._.js:2297
[ 2298036ms] [LOG] 💾 Proposal data auto-saved @ http://localhost:3000/_next/static/chunks/2ff6d_next_dist_bc817883._.js:2297
[ 2302958ms] [LOG] 💾 Form data auto-saved @ http://localhost:3000/_next/static/chunks/2ff6d_next_dist_bc817883._.js:2297
[ 2303036ms] [LOG] 💾 Proposal data auto-saved @ http://localhost:3000/_next/static/chunks/2ff6d_next_dist_bc817883._.js:2297
[ 2307957ms] [LOG] 💾 Form data auto-saved @ http://localhost:3000/_next/static/chunks/2ff6d_next_dist_bc817883._.js:2297
[ 2308036ms] [LOG] 💾 Proposal data auto-saved @ http://localhost:3000/_next/static/chunks/2ff6d_next_dist_bc817883._.js:2297
[ 2312958ms] [LOG] 💾 Form data auto-saved @ http://localhost:3000/_next/static/chunks/2ff6d_next_dist_bc817883._.js:2297
[ 2313036ms] [LOG] 💾 Proposal data auto-saved @ http://localhost:3000/_next/static/chunks/2ff6d_next_dist_bc817883._.js:2297
[ 2317957ms] [LOG] 💾 Form data auto-saved @ http://localhost:3000/_next/static/chunks/2ff6d_next_dist_bc817883._.js:2297
[ 2318036ms] [LOG] 💾 Proposal data auto-saved @ http://localhost:3000/_next/static/chunks/2ff6d_next_dist_bc817883._.js:2297
[ 2322957ms] [LOG] 💾 Form data auto-saved @ http://localhost:3000/_next/static/chunks/2ff6d_next_dist_bc817883._.js:2297
[ 2323036ms] [LOG] 💾 Proposal data auto-saved @ http://localhost:3000/_next/static/chunks/2ff6d_next_dist_bc817883._.js:2297
[ 2327960ms] [LOG] 💾 Form data auto-saved @ http://localhost:3000/_next/static/chunks/2ff6d_next_dist_bc817883._.js:2297
[ 2328047ms] [LOG] 💾 Proposal data auto-saved @ http://localhost:3000/_next/static/chunks/2ff6d_next_dist_bc817883._.js:2297
[ 2332957ms] [LOG] 💾 Form data auto-saved @ http://localhost:3000/_next/static/chunks/2ff6d_next_dist_bc817883._.js:2297
[ 2333037ms] [LOG] 💾 Proposal data auto-saved @ http://localhost:3000/_next/static/chunks/2ff6d_next_dist_bc817883._.js:2297
[ 2337957ms] [LOG] 💾 Form data auto-saved @ http://localhost:3000/_next/static/chunks/2ff6d_next_dist_bc817883._.js:2297
[ 2338036ms] [LOG] 💾 Proposal data auto-saved @ http://localhost:3000/_next/static/chunks/2ff6d_next_dist_bc817883._.js:2297
[ 2342957ms] [LOG] 💾 Form data auto-saved @ http://localhost:3000/_next/static/chunks/2ff6d_next_dist_bc817883._.js:2297
[ 2343037ms] [LOG] 💾 Proposal data auto-saved @ http://localhost:3000/_next/static/chunks/2ff6d_next_dist_bc817883._.js:2297
[ 2347957ms] [LOG] 💾 Form data auto-saved @ http://localhost:3000/_next/static/chunks/2ff6d_next_dist_bc817883._.js:2297
[ 2348036ms] [LOG] 💾 Proposal data auto-saved @ http://localhost:3000/_next/static/chunks/2ff6d_next_dist_bc817883._.js:2297
[ 2352957ms] [LOG] 💾 Form data auto-saved @ http://localhost:3000/_next/static/chunks/2ff6d_next_dist_bc817883._.js:2297
[ 2353036ms] [LOG] 💾 Proposal data auto-saved @ http://localhost:3000/_next/static/chunks/2ff6d_next_dist_bc817883._.js:2297
[ 2357957ms] [LOG] 💾 Form data auto-saved @ http://localhost:3000/_next/static/chunks/2ff6d_next_dist_bc817883._.js:2297
[ 2358036ms] [LOG] 💾 Proposal data auto-saved @ http://localhost:3000/_next/static/chunks/2ff6d_next_dist_bc817883._.js:2297
[ 2362958ms] [LOG] 💾 Form data auto-saved @ http://localhost:3000/_next/static/chunks/2ff6d_next_dist_bc817883._.js:2297
[ 2363036ms] [LOG] 💾 Proposal data auto-saved @ http://localhost:3000/_next/static/chunks/2ff6d_next_dist_bc817883._.js:2297
[ 2367957ms] [LOG] 💾 Form data auto-saved @ http://localhost:3000/_next/static/chunks/2ff6d_next_dist_bc817883._.js:2297
[ 2368036ms] [LOG] 💾 Proposal data auto-saved @ http://localhost:3000/_next/static/chunks/2ff6d_next_dist_bc817883._.js:2297
[ 2372957ms] [LOG] 💾 Form data auto-saved @ http://localhost:3000/_next/static/chunks/2ff6d_next_dist_bc817883._.js:2297
[ 2373036ms] [LOG] 💾 Proposal data auto-saved @ http://localhost:3000/_next/static/chunks/2ff6d_next_dist_bc817883._.js:2297
[ 2377957ms] [LOG] 💾 Form data auto-saved @ http://localhost:3000/_next/static/chunks/2ff6d_next_dist_bc817883._.js:2297
[ 2378036ms] [LOG] 💾 Proposal data auto-saved @ http://localhost:3000/_next/static/chunks/2ff6d_next_dist_bc817883._.js:2297
[ 2382958ms] [LOG] 💾 Form data auto-saved @ http://localhost:3000/_next/static/chunks/2ff6d_next_dist_bc817883._.js:2297
[ 2383036ms] [LOG] 💾 Proposal data auto-saved @ http://localhost:3000/_next/static/chunks/2ff6d_next_dist_bc817883._.js:2297
[ 2387957ms] [LOG] 💾 Form data auto-saved @ http://localhost:3000/_next/static/chunks/2ff6d_next_dist_bc817883._.js:2297
[ 2388036ms] [LOG] 💾 Proposal data auto-saved @ http://localhost:3000/_next/static/chunks/2ff6d_next_dist_bc817883._.js:2297
[ 2392957ms] [LOG] 💾 Form data auto-saved @ http://localhost:3000/_next/static/chunks/2ff6d_next_dist_bc817883._.js:2297
[ 2393036ms] [LOG] 💾 Proposal data auto-saved @ http://localhost:3000/_next/static/chunks/2ff6d_next_dist_bc817883._.js:2297
[ 2397957ms] [LOG] 💾 Form data auto-saved @ http://localhost:3000/_next/static/chunks/2ff6d_next_dist_bc817883._.js:2297
[ 2398036ms] [LOG] 💾 Proposal data auto-saved @ http://localhost:3000/_next/static/chunks/2ff6d_next_dist_bc817883._.js:2297
[ 2402958ms] [LOG] 💾 Form data auto-saved @ http://localhost:3000/_next/static/chunks/2ff6d_next_dist_bc817883._.js:2297
[ 2403036ms] [LOG] 💾 Proposal data auto-saved @ http://localhost:3000/_next/static/chunks/2ff6d_next_dist_bc817883._.js:2297
[ 2407958ms] [LOG] 💾 Form data auto-saved @ http://localhost:3000/_next/static/chunks/2ff6d_next_dist_bc817883._.js:2297
[ 2408037ms] [LOG] 💾 Proposal data auto-saved @ http://localhost:3000/_next/static/chunks/2ff6d_next_dist_bc817883._.js:2297
[ 2412957ms] [LOG] 💾 Form data auto-saved @ http://localhost:3000/_next/static/chunks/2ff6d_next_dist_bc817883._.js:2297
[ 2413036ms] [LOG] 💾 Proposal data auto-saved @ http://localhost:3000/_next/static/chunks/2ff6d_next_dist_bc817883._.js:2297
[ 2417957ms] [LOG] 💾 Form data auto-saved @ http://localhost:3000/_next/static/chunks/2ff6d_next_dist_bc817883._.js:2297
[ 2418036ms] [LOG] 💾 Proposal data auto-saved @ http://localhost:3000/_next/static/chunks/2ff6d_next_dist_bc817883._.js:2297
[ 2422960ms] [LOG] 💾 Form data auto-saved @ http://localhost:3000/_next/static/chunks/2ff6d_next_dist_bc817883._.js:2297
[ 2423122ms] [LOG] 💾 Proposal data auto-saved @ http://localhost:3000/_next/static/chunks/2ff6d_next_dist_bc817883._.js:2297
[ 2427957ms] [LOG] 💾 Form data auto-saved @ http://localhost:3000/_next/static/chunks/2ff6d_next_dist_bc817883._.js:2297
[ 2428036ms] [LOG] 💾 Proposal data auto-saved @ http://localhost:3000/_next/static/chunks/2ff6d_next_dist_bc817883._.js:2297
[ 2432957ms] [LOG] 💾 Form data auto-saved @ http://localhost:3000/_next/static/chunks/2ff6d_next_dist_bc817883._.js:2297
[ 2433036ms] [LOG] 💾 Proposal data auto-saved @ http://localhost:3000/_next/static/chunks/2ff6d_next_dist_bc817883._.js:2297
[ 2437957ms] [LOG] 💾 Form data auto-saved @ http://localhost:3000/_next/static/chunks/2ff6d_next_dist_bc817883._.js:2297
[ 2438036ms] [LOG] 💾 Proposal data auto-saved @ http://localhost:3000/_next/static/chunks/2ff6d_next_dist_bc817883._.js:2297
[ 2442961ms] [LOG] 💾 Form data auto-saved @ http://localhost:3000/_next/static/chunks/2ff6d_next_dist_bc817883._.js:2297
[ 2443041ms] [LOG] 💾 Proposal data auto-saved @ http://localhost:3000/_next/static/chunks/2ff6d_next_dist_bc817883._.js:2297
[ 2447957ms] [LOG] 💾 Form data auto-saved @ http://localhost:3000/_next/static/chunks/2ff6d_next_dist_bc817883._.js:2297
[ 2448036ms] [LOG] 💾 Proposal data auto-saved @ http://localhost:3000/_next/static/chunks/2ff6d_next_dist_bc817883._.js:2297
[ 2452958ms] [LOG] 💾 Form data auto-saved @ http://localhost:3000/_next/static/chunks/2ff6d_next_dist_bc817883._.js:2297
[ 2453036ms] [LOG] 💾 Proposal data auto-saved @ http://localhost:3000/_next/static/chunks/2ff6d_next_dist_bc817883._.js:2297
[ 2457957ms] [LOG] 💾 Form data auto-saved @ http://localhost:3000/_next/static/chunks/2ff6d_next_dist_bc817883._.js:2297
[ 2458036ms] [LOG] 💾 Proposal data auto-saved @ http://localhost:3000/_next/static/chunks/2ff6d_next_dist_bc817883._.js:2297
[ 2462959ms] [LOG] 💾 Form data auto-saved @ http://localhost:3000/_next/static/chunks/2ff6d_next_dist_bc817883._.js:2297
[ 2463036ms] [LOG] 💾 Proposal data auto-saved @ http://localhost:3000/_next/static/chunks/2ff6d_next_dist_bc817883._.js:2297
[ 2467957ms] [LOG] 💾 Form data auto-saved @ http://localhost:3000/_next/static/chunks/2ff6d_next_dist_bc817883._.js:2297
[ 2468036ms] [LOG] 💾 Proposal data auto-saved @ http://localhost:3000/_next/static/chunks/2ff6d_next_dist_bc817883._.js:2297
[ 2472959ms] [LOG] 💾 Form data auto-saved @ http://localhost:3000/_next/static/chunks/2ff6d_next_dist_bc817883._.js:2297
[ 2473036ms] [LOG] 💾 Proposal data auto-saved @ http://localhost:3000/_next/static/chunks/2ff6d_next_dist_bc817883._.js:2297
[ 2477957ms] [LOG] 💾 Form data auto-saved @ http://localhost:3000/_next/static/chunks/2ff6d_next_dist_bc817883._.js:2297
[ 2478036ms] [LOG] 💾 Proposal data auto-saved @ http://localhost:3000/_next/static/chunks/2ff6d_next_dist_bc817883._.js:2297
[ 2482959ms] [LOG] 💾 Form data auto-saved @ http://localhost:3000/_next/static/chunks/2ff6d_next_dist_bc817883._.js:2297
[ 2483174ms] [LOG] 💾 Proposal data auto-saved @ http://localhost:3000/_next/static/chunks/2ff6d_next_dist_bc817883._.js:2297
[ 2487959ms] [LOG] 💾 Form data auto-saved @ http://localhost:3000/_next/static/chunks/2ff6d_next_dist_bc817883._.js:2297
[ 2488036ms] [LOG] 💾 Proposal data auto-saved @ http://localhost:3000/_next/static/chunks/2ff6d_next_dist_bc817883._.js:2297
[ 2492957ms] [LOG] 💾 Form data auto-saved @ http://localhost:3000/_next/static/chunks/2ff6d_next_dist_bc817883._.js:2297
[ 2493038ms] [LOG] 💾 Proposal data auto-saved @ http://localhost:3000/_next/static/chunks/2ff6d_next_dist_bc817883._.js:2297
[ 2497957ms] [LOG] 💾 Form data auto-saved @ http://localhost:3000/_next/static/chunks/2ff6d_next_dist_bc817883._.js:2297
[ 2498085ms] [LOG] 💾 Proposal data auto-saved @ http://localhost:3000/_next/static/chunks/2ff6d_next_dist_bc817883._.js:2297
[ 2502959ms] [LOG] 💾 Form data auto-saved @ http://localhost:3000/_next/static/chunks/2ff6d_next_dist_bc817883._.js:2297
[ 2503037ms] [LOG] 💾 Proposal data auto-saved @ http://localhost:3000/_next/static/chunks/2ff6d_next_dist_bc817883._.js:2297
[ 2507958ms] [LOG] 💾 Form data auto-saved @ http://localhost:3000/_next/static/chunks/2ff6d_next_dist_bc817883._.js:2297
[ 2508037ms] [LOG] 💾 Proposal data auto-saved @ http://localhost:3000/_next/static/chunks/2ff6d_next_dist_bc817883._.js:2297
[ 2512958ms] [LOG] 💾 Form data auto-saved @ http://localhost:3000/_next/static/chunks/2ff6d_next_dist_bc817883._.js:2297
[ 2513037ms] [LOG] 💾 Proposal data auto-saved @ http://localhost:3000/_next/static/chunks/2ff6d_next_dist_bc817883._.js:2297
[ 2517957ms] [LOG] 💾 Form data auto-saved @ http://localhost:3000/_next/static/chunks/2ff6d_next_dist_bc817883._.js:2297
[ 2518036ms] [LOG] 💾 Proposal data auto-saved @ http://localhost:3000/_next/static/chunks/2ff6d_next_dist_bc817883._.js:2297
[ 2522957ms] [LOG] 💾 Form data auto-saved @ http://localhost:3000/_next/static/chunks/2ff6d_next_dist_bc817883._.js:2297
[ 2523036ms] [LOG] 💾 Proposal data auto-saved @ http://localhost:3000/_next/static/chunks/2ff6d_next_dist_bc817883._.js:2297
[ 2527960ms] [LOG] 💾 Form data auto-saved @ http://localhost:3000/_next/static/chunks/2ff6d_next_dist_bc817883._.js:2297
[ 2528036ms] [LOG] 💾 Proposal data auto-saved @ http://localhost:3000/_next/static/chunks/2ff6d_next_dist_bc817883._.js:2297
[ 2532958ms] [LOG] 💾 Form data auto-saved @ http://localhost:3000/_next/static/chunks/2ff6d_next_dist_bc817883._.js:2297
[ 2533036ms] [LOG] 💾 Proposal data auto-saved @ http://localhost:3000/_next/static/chunks/2ff6d_next_dist_bc817883._.js:2297
[ 2537957ms] [LOG] 💾 Form data auto-saved @ http://localhost:3000/_next/static/chunks/2ff6d_next_dist_bc817883._.js:2297
[ 2538036ms] [LOG] 💾 Proposal data auto-saved @ http://localhost:3000/_next/static/chunks/2ff6d_next_dist_bc817883._.js:2297
[ 2542957ms] [LOG] 💾 Form data auto-saved @ http://localhost:3000/_next/static/chunks/2ff6d_next_dist_bc817883._.js:2297
[ 2543036ms] [LOG] 💾 Proposal data auto-saved @ http://localhost:3000/_next/static/chunks/2ff6d_next_dist_bc817883._.js:2297
[ 2547958ms] [LOG] 💾 Form data auto-saved @ http://localhost:3000/_next/static/chunks/2ff6d_next_dist_bc817883._.js:2297
[ 2548036ms] [LOG] 💾 Proposal data auto-saved @ http://localhost:3000/_next/static/chunks/2ff6d_next_dist_bc817883._.js:2297
[ 2552957ms] [LOG] 💾 Form data auto-saved @ http://localhost:3000/_next/static/chunks/2ff6d_next_dist_bc817883._.js:2297
[ 2553036ms] [LOG] 💾 Proposal data auto-saved @ http://localhost:3000/_next/static/chunks/2ff6d_next_dist_bc817883._.js:2297
[ 2557957ms] [LOG] 💾 Form data auto-saved @ http://localhost:3000/_next/static/chunks/2ff6d_next_dist_bc817883._.js:2297
[ 2558036ms] [LOG] 💾 Proposal data auto-saved @ http://localhost:3000/_next/static/chunks/2ff6d_next_dist_bc817883._.js:2297
[ 2562957ms] [LOG] 💾 Form data auto-saved @ http://localhost:3000/_next/static/chunks/2ff6d_next_dist_bc817883._.js:2297
[ 2563036ms] [LOG] 💾 Proposal data auto-saved @ http://localhost:3000/_next/static/chunks/2ff6d_next_dist_bc817883._.js:2297
[ 2567958ms] [LOG] 💾 Form data auto-saved @ http://localhost:3000/_next/static/chunks/2ff6d_next_dist_bc817883._.js:2297
[ 2568036ms] [LOG] 💾 Proposal data auto-saved @ http://localhost:3000/_next/static/chunks/2ff6d_next_dist_bc817883._.js:2297
[ 2572958ms] [LOG] 💾 Form data auto-saved @ http://localhost:3000/_next/static/chunks/2ff6d_next_dist_bc817883._.js:2297
[ 2573036ms] [LOG] 💾 Proposal data auto-saved @ http://localhost:3000/_next/static/chunks/2ff6d_next_dist_bc817883._.js:2297
[ 2577957ms] [LOG] 💾 Form data auto-saved @ http://localhost:3000/_next/static/chunks/2ff6d_next_dist_bc817883._.js:2297
[ 2578036ms] [LOG] 💾 Proposal data auto-saved @ http://localhost:3000/_next/static/chunks/2ff6d_next_dist_bc817883._.js:2297
[ 2582957ms] [LOG] 💾 Form data auto-saved @ http://localhost:3000/_next/static/chunks/2ff6d_next_dist_bc817883._.js:2297
[ 2583036ms] [LOG] 💾 Proposal data auto-saved @ http://localhost:3000/_next/static/chunks/2ff6d_next_dist_bc817883._.js:2297
[ 2587957ms] [LOG] 💾 Form data auto-saved @ http://localhost:3000/_next/static/chunks/2ff6d_next_dist_bc817883._.js:2297
[ 2588036ms] [LOG] 💾 Proposal data auto-saved @ http://localhost:3000/_next/static/chunks/2ff6d_next_dist_bc817883._.js:2297
[ 2592959ms] [LOG] 💾 Form data auto-saved @ http://localhost:3000/_next/static/chunks/2ff6d_next_dist_bc817883._.js:2297
[ 2593036ms] [LOG] 💾 Proposal data auto-saved @ http://localhost:3000/_next/static/chunks/2ff6d_next_dist_bc817883._.js:2297
[ 2597958ms] [LOG] 💾 Form data auto-saved @ http://localhost:3000/_next/static/chunks/2ff6d_next_dist_bc817883._.js:2297
[ 2598037ms] [LOG] 💾 Proposal data auto-saved @ http://localhost:3000/_next/static/chunks/2ff6d_next_dist_bc817883._.js:2297
[ 2602957ms] [LOG] 💾 Form data auto-saved @ http://localhost:3000/_next/static/chunks/2ff6d_next_dist_bc817883._.js:2297
[ 2603036ms] [LOG] 💾 Proposal data auto-saved @ http://localhost:3000/_next/static/chunks/2ff6d_next_dist_bc817883._.js:2297
[ 2607958ms] [LOG] 💾 Form data auto-saved @ http://localhost:3000/_next/static/chunks/2ff6d_next_dist_bc817883._.js:2297
[ 2608036ms] [LOG] 💾 Proposal data auto-saved @ http://localhost:3000/_next/static/chunks/2ff6d_next_dist_bc817883._.js:2297
[ 2612958ms] [LOG] 💾 Form data auto-saved @ http://localhost:3000/_next/static/chunks/2ff6d_next_dist_bc817883._.js:2297
[ 2613037ms] [LOG] 💾 Proposal data auto-saved @ http://localhost:3000/_next/static/chunks/2ff6d_next_dist_bc817883._.js:2297
[ 2617957ms] [LOG] 💾 Form data auto-saved @ http://localhost:3000/_next/static/chunks/2ff6d_next_dist_bc817883._.js:2297
[ 2618036ms] [LOG] 💾 Proposal data auto-saved @ http://localhost:3000/_next/static/chunks/2ff6d_next_dist_bc817883._.js:2297
[ 2622957ms] [LOG] 💾 Form data auto-saved @ http://localhost:3000/_next/static/chunks/2ff6d_next_dist_bc817883._.js:2297
[ 2623036ms] [LOG] 💾 Proposal data auto-saved @ http://localhost:3000/_next/static/chunks/2ff6d_next_dist_bc817883._.js:2297
[ 2627958ms] [LOG] 💾 Form data auto-saved @ http://localhost:3000/_next/static/chunks/2ff6d_next_dist_bc817883._.js:2297
[ 2628036ms] [LOG] 💾 Proposal data auto-saved @ http://localhost:3000/_next/static/chunks/2ff6d_next_dist_bc817883._.js:2297
[ 2632958ms] [LOG] 💾 Form data auto-saved @ http://localhost:3000/_next/static/chunks/2ff6d_next_dist_bc817883._.js:2297
[ 2633036ms] [LOG] 💾 Proposal data auto-saved @ http://localhost:3000/_next/static/chunks/2ff6d_next_dist_bc817883._.js:2297
[ 2637957ms] [LOG] 💾 Form data auto-saved @ http://localhost:3000/_next/static/chunks/2ff6d_next_dist_bc817883._.js:2297
[ 2638036ms] [LOG] 💾 Proposal data auto-saved @ http://localhost:3000/_next/static/chunks/2ff6d_next_dist_bc817883._.js:2297
[ 2642957ms] [LOG] 💾 Form data auto-saved @ http://localhost:3000/_next/static/chunks/2ff6d_next_dist_bc817883._.js:2297
[ 2643036ms] [LOG] 💾 Proposal data auto-saved @ http://localhost:3000/_next/static/chunks/2ff6d_next_dist_bc817883._.js:2297
[ 2647958ms] [LOG] 💾 Form data auto-saved @ http://localhost:3000/_next/static/chunks/2ff6d_next_dist_bc817883._.js:2297
[ 2648036ms] [LOG] 💾 Proposal data auto-saved @ http://localhost:3000/_next/static/chunks/2ff6d_next_dist_bc817883._.js:2297
[ 2652959ms] [LOG] 💾 Form data auto-saved @ http://localhost:3000/_next/static/chunks/2ff6d_next_dist_bc817883._.js:2297
[ 2653036ms] [LOG] 💾 Proposal data auto-saved @ http://localhost:3000/_next/static/chunks/2ff6d_next_dist_bc817883._.js:2297
[ 2657958ms] [LOG] 💾 Form data auto-saved @ http://localhost:3000/_next/static/chunks/2ff6d_next_dist_bc817883._.js:2297
[ 2658037ms] [LOG] 💾 Proposal data auto-saved @ http://localhost:3000/_next/static/chunks/2ff6d_next_dist_bc817883._.js:2297
[ 2662957ms] [LOG] 💾 Form data auto-saved @ http://localhost:3000/_next/static/chunks/2ff6d_next_dist_bc817883._.js:2297
[ 2663036ms] [LOG] 💾 Proposal data auto-saved @ http://localhost:3000/_next/static/chunks/2ff6d_next_dist_bc817883._.js:2297
[ 2667959ms] [LOG] 💾 Form data auto-saved @ http://localhost:3000/_next/static/chunks/2ff6d_next_dist_bc817883._.js:2297
[ 2668036ms] [LOG] 💾 Proposal data auto-saved @ http://localhost:3000/_next/static/chunks/2ff6d_next_dist_bc817883._.js:2297
[ 2672958ms] [LOG] 💾 Form data auto-saved @ http://localhost:3000/_next/static/chunks/2ff6d_next_dist_bc817883._.js:2297
[ 2673036ms] [LOG] 💾 Proposal data auto-saved @ http://localhost:3000/_next/static/chunks/2ff6d_next_dist_bc817883._.js:2297
[ 2677958ms] [LOG] 💾 Form data auto-saved @ http://localhost:3000/_next/static/chunks/2ff6d_next_dist_bc817883._.js:2297
[ 2678036ms] [LOG] 💾 Proposal data auto-saved @ http://localhost:3000/_next/static/chunks/2ff6d_next_dist_bc817883._.js:2297
[ 2682957ms] [LOG] 💾 Form data auto-saved @ http://localhost:3000/_next/static/chunks/2ff6d_next_dist_bc817883._.js:2297
[ 2683036ms] [LOG] 💾 Proposal data auto-saved @ http://localhost:3000/_next/static/chunks/2ff6d_next_dist_bc817883._.js:2297
[ 2687957ms] [LOG] 💾 Form data auto-saved @ http://localhost:3000/_next/static/chunks/2ff6d_next_dist_bc817883._.js:2297
[ 2688036ms] [LOG] 💾 Proposal data auto-saved @ http://localhost:3000/_next/static/chunks/2ff6d_next_dist_bc817883._.js:2297
[ 2692959ms] [LOG] 💾 Form data auto-saved @ http://localhost:3000/_next/static/chunks/2ff6d_next_dist_bc817883._.js:2297
[ 2693036ms] [LOG] 💾 Proposal data auto-saved @ http://localhost:3000/_next/static/chunks/2ff6d_next_dist_bc817883._.js:2297
[ 2697958ms] [LOG] 💾 Form data auto-saved @ http://localhost:3000/_next/static/chunks/2ff6d_next_dist_bc817883._.js:2297
[ 2698037ms] [LOG] 💾 Proposal data auto-saved @ http://localhost:3000/_next/static/chunks/2ff6d_next_dist_bc817883._.js:2297
[ 2702958ms] [LOG] 💾 Form data auto-saved @ http://localhost:3000/_next/static/chunks/2ff6d_next_dist_bc817883._.js:2297
[ 2703036ms] [LOG] 💾 Proposal data auto-saved @ http://localhost:3000/_next/static/chunks/2ff6d_next_dist_bc817883._.js:2297
[ 2707957ms] [LOG] 💾 Form data auto-saved @ http://localhost:3000/_next/static/chunks/2ff6d_next_dist_bc817883._.js:2297
[ 2708036ms] [LOG] 💾 Proposal data auto-saved @ http://localhost:3000/_next/static/chunks/2ff6d_next_dist_bc817883._.js:2297
[ 2712958ms] [LOG] 💾 Form data auto-saved @ http://localhost:3000/_next/static/chunks/2ff6d_next_dist_bc817883._.js:2297
[ 2713036ms] [LOG] 💾 Proposal data auto-saved @ http://localhost:3000/_next/static/chunks/2ff6d_next_dist_bc817883._.js:2297
[ 2717958ms] [LOG] 💾 Form data auto-saved @ http://localhost:3000/_next/static/chunks/2ff6d_next_dist_bc817883._.js:2297
[ 2718036ms] [LOG] 💾 Proposal data auto-saved @ http://localhost:3000/_next/static/chunks/2ff6d_next_dist_bc817883._.js:2297
[ 2722957ms] [LOG] 💾 Form data auto-saved @ http://localhost:3000/_next/static/chunks/2ff6d_next_dist_bc817883._.js:2297
[ 2723036ms] [LOG] 💾 Proposal data auto-saved @ http://localhost:3000/_next/static/chunks/2ff6d_next_dist_bc817883._.js:2297
[ 2727957ms] [LOG] 💾 Form data auto-saved @ http://localhost:3000/_next/static/chunks/2ff6d_next_dist_bc817883._.js:2297
[ 2728036ms] [LOG] 💾 Proposal data auto-saved @ http://localhost:3000/_next/static/chunks/2ff6d_next_dist_bc817883._.js:2297
[ 2732959ms] [LOG] 💾 Form data auto-saved @ http://localhost:3000/_next/static/chunks/2ff6d_next_dist_bc817883._.js:2297
[ 2733036ms] [LOG] 💾 Proposal data auto-saved @ http://localhost:3000/_next/static/chunks/2ff6d_next_dist_bc817883._.js:2297
[ 2737958ms] [LOG] 💾 Form data auto-saved @ http://localhost:3000/_next/static/chunks/2ff6d_next_dist_bc817883._.js:2297
[ 2738036ms] [LOG] 💾 Proposal data auto-saved @ http://localhost:3000/_next/static/chunks/2ff6d_next_dist_bc817883._.js:2297
[ 2742957ms] [LOG] 💾 Form data auto-saved @ http://localhost:3000/_next/static/chunks/2ff6d_next_dist_bc817883._.js:2297
[ 2743036ms] [LOG] 💾 Proposal data auto-saved @ http://localhost:3000/_next/static/chunks/2ff6d_next_dist_bc817883._.js:2297
[ 2747957ms] [LOG] 💾 Form data auto-saved @ http://localhost:3000/_next/static/chunks/2ff6d_next_dist_bc817883._.js:2297
[ 2748036ms] [LOG] 💾 Proposal data auto-saved @ http://localhost:3000/_next/static/chunks/2ff6d_next_dist_bc817883._.js:2297
[ 2752959ms] [LOG] 💾 Form data auto-saved @ http://localhost:3000/_next/static/chunks/2ff6d_next_dist_bc817883._.js:2297
[ 2753036ms] [LOG] 💾 Proposal data auto-saved @ http://localhost:3000/_next/static/chunks/2ff6d_next_dist_bc817883._.js:2297
[ 2757958ms] [LOG] 💾 Form data auto-saved @ http://localhost:3000/_next/static/chunks/2ff6d_next_dist_bc817883._.js:2297
[ 2758036ms] [LOG] 💾 Proposal data auto-saved @ http://localhost:3000/_next/static/chunks/2ff6d_next_dist_bc817883._.js:2297
[ 2762957ms] [LOG] 💾 Form data auto-saved @ http://localhost:3000/_next/static/chunks/2ff6d_next_dist_bc817883._.js:2297
[ 2763036ms] [LOG] 💾 Proposal data auto-saved @ http://localhost:3000/_next/static/chunks/2ff6d_next_dist_bc817883._.js:2297
[ 2767957ms] [LOG] 💾 Form data auto-saved @ http://localhost:3000/_next/static/chunks/2ff6d_next_dist_bc817883._.js:2297
[ 2768036ms] [LOG] 💾 Proposal data auto-saved @ http://localhost:3000/_next/static/chunks/2ff6d_next_dist_bc817883._.js:2297
[ 2772957ms] [LOG] 💾 Form data auto-saved @ http://localhost:3000/_next/static/chunks/2ff6d_next_dist_bc817883._.js:2297
[ 2773036ms] [LOG] 💾 Proposal data auto-saved @ http://localhost:3000/_next/static/chunks/2ff6d_next_dist_bc817883._.js:2297
[ 2777958ms] [LOG] 💾 Form data auto-saved @ http://localhost:3000/_next/static/chunks/2ff6d_next_dist_bc817883._.js:2297
[ 2778036ms] [LOG] 💾 Proposal data auto-saved @ http://localhost:3000/_next/static/chunks/2ff6d_next_dist_bc817883._.js:2297
[ 2782957ms] [LOG] 💾 Form data auto-saved @ http://localhost:3000/_next/static/chunks/2ff6d_next_dist_bc817883._.js:2297
[ 2783037ms] [LOG] 💾 Proposal data auto-saved @ http://localhost:3000/_next/static/chunks/2ff6d_next_dist_bc817883._.js:2297
[ 2787958ms] [LOG] 💾 Form data auto-saved @ http://localhost:3000/_next/static/chunks/2ff6d_next_dist_bc817883._.js:2297
[ 2788036ms] [LOG] 💾 Proposal data auto-saved @ http://localhost:3000/_next/static/chunks/2ff6d_next_dist_bc817883._.js:2297
[ 2792957ms] [LOG] 💾 Form data auto-saved @ http://localhost:3000/_next/static/chunks/2ff6d_next_dist_bc817883._.js:2297
[ 2793036ms] [LOG] 💾 Proposal data auto-saved @ http://localhost:3000/_next/static/chunks/2ff6d_next_dist_bc817883._.js:2297
[ 2797958ms] [LOG] 💾 Form data auto-saved @ http://localhost:3000/_next/static/chunks/2ff6d_next_dist_bc817883._.js:2297
[ 2798036ms] [LOG] 💾 Proposal data auto-saved @ http://localhost:3000/_next/static/chunks/2ff6d_next_dist_bc817883._.js:2297
[ 2802957ms] [LOG] 💾 Form data auto-saved @ http://localhost:3000/_next/static/chunks/2ff6d_next_dist_bc817883._.js:2297
[ 2803036ms] [LOG] 💾 Proposal data auto-saved @ http://localhost:3000/_next/static/chunks/2ff6d_next_dist_bc817883._.js:2297
[ 2807957ms] [LOG] 💾 Form data auto-saved @ http://localhost:3000/_next/static/chunks/2ff6d_next_dist_bc817883._.js:2297
[ 2808036ms] [LOG] 💾 Proposal data auto-saved @ http://localhost:3000/_next/static/chunks/2ff6d_next_dist_bc817883._.js:2297
[ 2812957ms] [LOG] 💾 Form data auto-saved @ http://localhost:3000/_next/static/chunks/2ff6d_next_dist_bc817883._.js:2297
[ 2813036ms] [LOG] 💾 Proposal data auto-saved @ http://localhost:3000/_next/static/chunks/2ff6d_next_dist_bc817883._.js:2297
[ 2817957ms] [LOG] 💾 Form data auto-saved @ http://localhost:3000/_next/static/chunks/2ff6d_next_dist_bc817883._.js:2297
[ 2818036ms] [LOG] 💾 Proposal data auto-saved @ http://localhost:3000/_next/static/chunks/2ff6d_next_dist_bc817883._.js:2297
[ 2822958ms] [LOG] 💾 Form data auto-saved @ http://localhost:3000/_next/static/chunks/2ff6d_next_dist_bc817883._.js:2297
[ 2823037ms] [LOG] 💾 Proposal data auto-saved @ http://localhost:3000/_next/static/chunks/2ff6d_next_dist_bc817883._.js:2297
[ 2827957ms] [LOG] 💾 Form data auto-saved @ http://localhost:3000/_next/static/chunks/2ff6d_next_dist_bc817883._.js:2297
[ 2828036ms] [LOG] 💾 Proposal data auto-saved @ http://localhost:3000/_next/static/chunks/2ff6d_next_dist_bc817883._.js:2297
[ 2832957ms] [LOG] 💾 Form data auto-saved @ http://localhost:3000/_next/static/chunks/2ff6d_next_dist_bc817883._.js:2297
[ 2833036ms] [LOG] 💾 Proposal data auto-saved @ http://localhost:3000/_next/static/chunks/2ff6d_next_dist_bc817883._.js:2297
[ 2837958ms] [LOG] 💾 Form data auto-saved @ http://localhost:3000/_next/static/chunks/2ff6d_next_dist_bc817883._.js:2297
[ 2838036ms] [LOG] 💾 Proposal data auto-saved @ http://localhost:3000/_next/static/chunks/2ff6d_next_dist_bc817883._.js:2297
[ 2842957ms] [LOG] 💾 Form data auto-saved @ http://localhost:3000/_next/static/chunks/2ff6d_next_dist_bc817883._.js:2297
[ 2843037ms] [LOG] 💾 Proposal data auto-saved @ http://localhost:3000/_next/static/chunks/2ff6d_next_dist_bc817883._.js:2297
[ 2847958ms] [LOG] 💾 Form data auto-saved @ http://localhost:3000/_next/static/chunks/2ff6d_next_dist_bc817883._.js:2297
[ 2848036ms] [LOG] 💾 Proposal data auto-saved @ http://localhost:3000/_next/static/chunks/2ff6d_next_dist_bc817883._.js:2297
[ 2852958ms] [LOG] 💾 Form data auto-saved @ http://localhost:3000/_next/static/chunks/2ff6d_next_dist_bc817883._.js:2297
[ 2853036ms] [LOG] 💾 Proposal data auto-saved @ http://localhost:3000/_next/static/chunks/2ff6d_next_dist_bc817883._.js:2297
[ 2857959ms] [LOG] 💾 Form data auto-saved @ http://localhost:3000/_next/static/chunks/2ff6d_next_dist_bc817883._.js:2297
[ 2858036ms] [LOG] 💾 Proposal data auto-saved @ http://localhost:3000/_next/static/chunks/2ff6d_next_dist_bc817883._.js:2297
[ 2862957ms] [LOG] 💾 Form data auto-saved @ http://localhost:3000/_next/static/chunks/2ff6d_next_dist_bc817883._.js:2297
[ 2863041ms] [LOG] 💾 Proposal data auto-saved @ http://localhost:3000/_next/static/chunks/2ff6d_next_dist_bc817883._.js:2297
[ 2867957ms] [LOG] 💾 Form data auto-saved @ http://localhost:3000/_next/static/chunks/2ff6d_next_dist_bc817883._.js:2297
[ 2868036ms] [LOG] 💾 Proposal data auto-saved @ http://localhost:3000/_next/static/chunks/2ff6d_next_dist_bc817883._.js:2297
[ 2872958ms] [LOG] 💾 Form data auto-saved @ http://localhost:3000/_next/static/chunks/2ff6d_next_dist_bc817883._.js:2297
[ 2873036ms] [LOG] 💾 Proposal data auto-saved @ http://localhost:3000/_next/static/chunks/2ff6d_next_dist_bc817883._.js:2297
[ 2877958ms] [LOG] 💾 Form data auto-saved @ http://localhost:3000/_next/static/chunks/2ff6d_next_dist_bc817883._.js:2297
[ 2878036ms] [LOG] 💾 Proposal data auto-saved @ http://localhost:3000/_next/static/chunks/2ff6d_next_dist_bc817883._.js:2297
[ 2882958ms] [LOG] 💾 Form data auto-saved @ http://localhost:3000/_next/static/chunks/2ff6d_next_dist_bc817883._.js:2297
[ 2883036ms] [LOG] 💾 Proposal data auto-saved @ http://localhost:3000/_next/static/chunks/2ff6d_next_dist_bc817883._.js:2297
[ 2887957ms] [LOG] 💾 Form data auto-saved @ http://localhost:3000/_next/static/chunks/2ff6d_next_dist_bc817883._.js:2297
[ 2888036ms] [LOG] 💾 Proposal data auto-saved @ http://localhost:3000/_next/static/chunks/2ff6d_next_dist_bc817883._.js:2297
[ 2892958ms] [LOG] 💾 Form data auto-saved @ http://localhost:3000/_next/static/chunks/2ff6d_next_dist_bc817883._.js:2297
[ 2893036ms] [LOG] 💾 Proposal data auto-saved @ http://localhost:3000/_next/static/chunks/2ff6d_next_dist_bc817883._.js:2297
[ 2897962ms] [LOG] 💾 Form data auto-saved @ http://localhost:3000/_next/static/chunks/2ff6d_next_dist_bc817883._.js:2297
[ 2898075ms] [LOG] 💾 Proposal data auto-saved @ http://localhost:3000/_next/static/chunks/2ff6d_next_dist_bc817883._.js:2297
[ 2902957ms] [LOG] 💾 Form data auto-saved @ http://localhost:3000/_next/static/chunks/2ff6d_next_dist_bc817883._.js:2297
[ 2903036ms] [LOG] 💾 Proposal data auto-saved @ http://localhost:3000/_next/static/chunks/2ff6d_next_dist_bc817883._.js:2297
[ 2907957ms] [LOG] 💾 Form data auto-saved @ http://localhost:3000/_next/static/chunks/2ff6d_next_dist_bc817883._.js:2297
[ 2908036ms] [LOG] 💾 Proposal data auto-saved @ http://localhost:3000/_next/static/chunks/2ff6d_next_dist_bc817883._.js:2297
[ 2912957ms] [LOG] 💾 Form data auto-saved @ http://localhost:3000/_next/static/chunks/2ff6d_next_dist_bc817883._.js:2297
[ 2913036ms] [LOG] 💾 Proposal data auto-saved @ http://localhost:3000/_next/static/chunks/2ff6d_next_dist_bc817883._.js:2297
[ 2917958ms] [LOG] 💾 Form data auto-saved @ http://localhost:3000/_next/static/chunks/2ff6d_next_dist_bc817883._.js:2297
[ 2918036ms] [LOG] 💾 Proposal data auto-saved @ http://localhost:3000/_next/static/chunks/2ff6d_next_dist_bc817883._.js:2297
[ 2922958ms] [LOG] 💾 Form data auto-saved @ http://localhost:3000/_next/static/chunks/2ff6d_next_dist_bc817883._.js:2297
[ 2923036ms] [LOG] 💾 Proposal data auto-saved @ http://localhost:3000/_next/static/chunks/2ff6d_next_dist_bc817883._.js:2297
[ 2927957ms] [LOG] 💾 Form data auto-saved @ http://localhost:3000/_next/static/chunks/2ff6d_next_dist_bc817883._.js:2297
[ 2928036ms] [LOG] 💾 Proposal data auto-saved @ http://localhost:3000/_next/static/chunks/2ff6d_next_dist_bc817883._.js:2297
[ 2932957ms] [LOG] 💾 Form data auto-saved @ http://localhost:3000/_next/static/chunks/2ff6d_next_dist_bc817883._.js:2297
[ 2933036ms] [LOG] 💾 Proposal data auto-saved @ http://localhost:3000/_next/static/chunks/2ff6d_next_dist_bc817883._.js:2297
[ 2937958ms] [LOG] 💾 Form data auto-saved @ http://localhost:3000/_next/static/chunks/2ff6d_next_dist_bc817883._.js:2297
[ 2938055ms] [LOG] 💾 Proposal data auto-saved @ http://localhost:3000/_next/static/chunks/2ff6d_next_dist_bc817883._.js:2297
[ 2942959ms] [LOG] 💾 Form data auto-saved @ http://localhost:3000/_next/static/chunks/2ff6d_next_dist_bc817883._.js:2297
[ 2943036ms] [LOG] 💾 Proposal data auto-saved @ http://localhost:3000/_next/static/chunks/2ff6d_next_dist_bc817883._.js:2297
[ 2947957ms] [LOG] 💾 Form data auto-saved @ http://localhost:3000/_next/static/chunks/2ff6d_next_dist_bc817883._.js:2297
[ 2948036ms] [LOG] 💾 Proposal data auto-saved @ http://localhost:3000/_next/static/chunks/2ff6d_next_dist_bc817883._.js:2297
[ 2952957ms] [LOG] 💾 Form data auto-saved @ http://localhost:3000/_next/static/chunks/2ff6d_next_dist_bc817883._.js:2297
[ 2953036ms] [LOG] 💾 Proposal data auto-saved @ http://localhost:3000/_next/static/chunks/2ff6d_next_dist_bc817883._.js:2297
[ 2957959ms] [LOG] 💾 Form data auto-saved @ http://localhost:3000/_next/static/chunks/2ff6d_next_dist_bc817883._.js:2297
[ 2958102ms] [LOG] 💾 Proposal data auto-saved @ http://localhost:3000/_next/static/chunks/2ff6d_next_dist_bc817883._.js:2297
[ 2962958ms] [LOG] 💾 Form data auto-saved @ http://localhost:3000/_next/static/chunks/2ff6d_next_dist_bc817883._.js:2297
[ 2963036ms] [LOG] 💾 Proposal data auto-saved @ http://localhost:3000/_next/static/chunks/2ff6d_next_dist_bc817883._.js:2297
[ 2967962ms] [LOG] 💾 Form data auto-saved @ http://localhost:3000/_next/static/chunks/2ff6d_next_dist_bc817883._.js:2297
[ 2968036ms] [LOG] 💾 Proposal data auto-saved @ http://localhost:3000/_next/static/chunks/2ff6d_next_dist_bc817883._.js:2297
[ 2972957ms] [LOG] 💾 Form data auto-saved @ http://localhost:3000/_next/static/chunks/2ff6d_next_dist_bc817883._.js:2297
[ 2973036ms] [LOG] 💾 Proposal data auto-saved @ http://localhost:3000/_next/static/chunks/2ff6d_next_dist_bc817883._.js:2297
